feature,component,pct_nan,nunique,is_constant,mean,std,min,max
core_clip__consecutive_cosine_prev__max,core_clip,1.03,259,False,0.9942256588902738,0.0074894089319508216,0.9479353427886963,1.000000238418579
core_clip__consecutive_cosine_prev__mean,core_clip,1.03,288,False,0.9279901954448886,0.04382809896205483,0.7749592065811157,0.9999973773956299
core_clip__consecutive_cosine_prev__min,core_clip,1.03,288,False,0.6331099203477303,0.19270640765133693,0.2072385549545288,0.9999736547470093
core_clip__consecutive_cosine_prev__p50,core_clip,1.03,286,False,0.9498217579805188,0.035976690731773765,0.8114949464797974,1.0
core_clip__consecutive_cosine_prev__p90,core_clip,1.03,283,False,0.9830363252096705,0.013212559983333377,0.9388167858123779,1.0000001192092896
core_clip__consecutive_cosine_prev__std,core_clip,1.03,288,False,0.06701856303624885,0.039886983362150366,6.6569209593581036e-06,0.1776837557554245
core_clip__cut_detection_transition_scores__max,core_clip,1.03,279,False,0.2632493741499881,0.018247678214572887,0.20840826630592346,0.303085595369339
core_clip__cut_detection_transition_scores__mean,core_clip,1.03,288,False,0.20961468014866114,0.013845782028392312,0.16727405786514282,0.2414713352918625
core_clip__cut_detection_transition_scores__min,core_clip,1.03,288,False,0.1554355072374973,0.02042926608576971,0.09082582592964172,0.2007654905319214
core_clip__cut_detection_transition_scores__p50,core_clip,1.03,288,False,0.21018382829303542,0.014176061172203984,0.16997188329696655,0.24385160207748413
core_clip__cut_detection_transition_scores__p90,core_clip,1.03,288,False,0.23288694251742628,0.014301257263743709,0.18711182475090027,0.27020949125289917
core_clip__cut_detection_transition_scores__std,core_clip,1.03,288,False,0.01851640863201788,0.0035586255445671016,0.0065537430346012115,0.028763147071003914
core_clip__frame_embeddings__max,core_clip,1.03,288,False,0.29488450086986023,0.06957514417176837,0.13051678240299225,0.47156286239624023
core_clip__frame_embeddings__mean,core_clip,1.03,288,False,-0.0006646942082749124,0.001116044784272555,-0.0036501449067145586,0.0024871681816875935
core_clip__frame_embeddings__min,core_clip,1.03,269,False,-0.6861643723936545,0.09928952144117156,-0.8405457139015198,-0.23086053133010864
core_clip__frame_embeddings__p50,core_clip,1.03,288,False,0.00013019859686854338,0.000980726634806501,-0.002359266160055995,0.003253921400755644
core_clip__frame_embeddings__p90,core_clip,1.03,288,False,0.04151653103892588,0.003377866923652066,0.03198324516415596,0.05392786115407944
core_clip__frame_embeddings__std,core_clip,1.03,280,False,0.04417512321379036,2.312212487738037e-05,0.044043175876140594,0.04419417679309845
core_clip__places365_topk_indices__max,core_clip,1.03,43,False,351.43402777777777,25.44891354154866,139.0,364.0
core_clip__places365_topk_indices__mean,core_clip,1.03,288,False,173.8235608206855,33.642732190050815,66.33077239990234,268.9058837890625
core_clip__places365_topk_indices__min,core_clip,1.03,31,False,10.09375,14.19187439278152,0.0,139.0
core_clip__places365_topk_indices__p50,core_clip,1.03,130,False,176.66319444444446,60.46667610656876,14.0,328.0
core_clip__places365_topk_indices__p90,core_clip,1.03,93,False,309.7777780426873,36.15112403315624,139.0,363.20001220703125
core_clip__places365_topk_indices__std,core_clip,1.03,288,False,104.97883870866563,14.835802414792047,47.493160247802734,140.4991455078125
core_clip__places365_topk_scores__max,core_clip,1.03,286,False,0.27567620052852565,0.024275127368058234,0.1833423376083374,0.342892587184906
core_clip__places365_topk_scores__mean,core_clip,1.03,288,False,0.23070230971400937,0.01497926782198448,0.17759078741073608,0.26575931906700134
core_clip__places365_topk_scores__min,core_clip,1.03,288,False,0.19920806457392043,0.016726682028037582,0.15599706768989563,0.2443431317806244
core_clip__places365_topk_scores__p50,core_clip,1.03,288,False,0.2295363411410815,0.015199377887813403,0.17754651606082916,0.26466381549835205
core_clip__places365_topk_scores__p90,core_clip,1.03,288,False,0.24879094125289056,0.01810465451599059,0.18137162923812866,0.30222615599632263
core_clip__places365_topk_scores__std,core_clip,1.03,288,False,0.013467316510084655,0.004567960259739783,0.0018477889243513346,0.026989348232746124
core_clip__places365_video_topk_indices__max,core_clip,1.03,79,False,299.1041666666667,49.79571070763072,128.0,364.0
core_clip__places365_video_topk_indices__mean,core_clip,1.03,241,False,168.8027778201633,49.2927229524836,46.0,316.3999938964844
core_clip__places365_video_topk_indices__min,core_clip,1.03,72,False,40.18055555555556,46.699297949311564,0.0,240.0
core_clip__places365_video_topk_indices__p50,core_clip,1.03,127,False,167.19791666666666,80.20852003085501,14.0,345.0
core_clip__places365_video_topk_indices__p90,core_clip,1.03,209,False,274.08888959884644,51.86255228127962,100.19999694824219,363.20001220703125
core_clip__places365_video_topk_indices__std,core_clip,1.03,285,False,98.45572076903449,24.19388422918849,18.203296661376953,156.5699920654297
core_clip__places365_video_topk_scores__max,core_clip,1.03,288,False,0.2330996318616801,0.019829309947214237,0.18146249651908875,0.30305734276771545
core_clip__places365_video_topk_scores__mean,core_clip,1.03,288,False,0.2228537727561262,0.015526997522778549,0.1775907576084137,0.26395344734191895
core_clip__places365_video_topk_scores__min,core_clip,1.03,288,False,0.21604634671368533,0.014316501780976721,0.17235688865184784,0.2521679103374481
core_clip__places365_video_topk_scores__p50,core_clip,1.03,288,False,0.22123035705751842,0.015377332922105665,0.17704135179519653,0.26786065101623535
core_clip__places365_video_topk_scores__p90,core_clip,1.03,288,False,0.230023762366424,0.018032722990273118,0.18045108020305634,0.2780117094516754
core_clip__places365_video_topk_scores__std,core_clip,1.03,288,False,0.006320037919825457,0.004370365911754095,0.00024118115834426135,0.025837769731879234
core_clip__popularity_topic_scores__max,core_clip,1.03,285,False,0.26468963869329953,0.019561093750551168,0.2000383734703064,0.32080313563346863
core_clip__popularity_topic_scores__mean,core_clip,1.03,288,False,0.19504075145555866,0.014741790828547138,0.13082031905651093,0.22749176621437073
core_clip__popularity_topic_scores__min,core_clip,1.03,288,False,0.12252796368880405,0.02504592823468593,0.048156190663576126,0.18396587669849396
core_clip__popularity_topic_scores__p50,core_clip,1.03,288,False,0.19475814591472349,0.014786577656016453,0.13233977556228638,0.22786906361579895
core_clip__popularity_topic_scores__p90,core_clip,1.03,288,False,0.22941583545050687,0.015302603762801154,0.16676658391952515,0.26879772543907166
core_clip__popularity_topic_scores__std,core_clip,1.03,288,False,0.026190864488146164,0.005023886711726331,0.013784202747046947,0.045078713446855545
core_clip__scene_aesthetic_scores__max,core_clip,1.03,287,False,0.25380811493636835,0.024766518100250313,0.16130134463310242,0.31706374883651733
core_clip__scene_aesthetic_scores__mean,core_clip,1.03,288,False,0.1929193907417357,0.010551173549526435,0.15404628217220306,0.2188158929347992
core_clip__scene_aesthetic_scores__min,core_clip,1.03,288,False,0.1473848547320813,0.01293648489733425,0.10882516950368881,0.185036301612854
core_clip__scene_aesthetic_scores__p50,core_clip,1.03,288,False,0.19115789384684628,0.010696775020770901,0.15338388085365295,0.2178804874420166
core_clip__scene_aesthetic_scores__p90,core_clip,1.03,288,False,0.22067770222201943,0.014696004075945913,0.16084328293800354,0.2591959536075592
core_clip__scene_aesthetic_scores__std,core_clip,1.03,288,False,0.01941198798400971,0.004041880074300556,0.005858609452843666,0.030730077996850014
core_clip__scene_atmosphere_scores__max,core_clip,1.03,288,False,0.2457011829958194,0.016097172428277656,0.18388983607292175,0.28870105743408203
core_clip__scene_atmosphere_scores__mean,core_clip,1.03,288,False,0.20007116192330918,0.013237016653599982,0.16675947606563568,0.2326294332742691
core_clip__scene_atmosphere_scores__min,core_clip,1.03,288,False,0.1545212640064872,0.018953793921553913,0.10493268817663193,0.2023647129535675
core_clip__scene_atmosphere_scores__p50,core_clip,1.03,288,False,0.20033752985505593,0.013592860974538035,0.16428154706954956,0.23631347715854645
core_clip__scene_atmosphere_scores__p90,core_clip,1.03,288,False,0.22320422576740384,0.014540061510137144,0.18296454846858978,0.26233455538749695
core_clip__scene_atmosphere_scores__std,core_clip,1.03,288,False,0.017521783027202927,0.003976137692733493,0.008026745170354843,0.03413709998130798
core_clip__scene_luxury_scores__max,core_clip,1.03,284,False,0.24349558498296472,0.017519895447535655,0.18285758793354034,0.28658169507980347
core_clip__scene_luxury_scores__mean,core_clip,1.03,288,False,0.19309612860282263,0.01158072434103424,0.1611792892217636,0.22092828154563904
core_clip__scene_luxury_scores__min,core_clip,1.03,288,False,0.13878508093249467,0.020165366822471144,0.08596069365739822,0.19123828411102295
core_clip__scene_luxury_scores__p50,core_clip,1.03,288,False,0.19404984379394186,0.011506600717135225,0.15635955333709717,0.22650852799415588
core_clip__scene_luxury_scores__p90,core_clip,1.03,288,False,0.2190143625355429,0.013733131322737013,0.17926089465618134,0.26174283027648926
core_clip__scene_luxury_scores__std,core_clip,1.03,288,False,0.02022999407523053,0.0051310600269910255,0.00689569441601634,0.04286905378103256
core_clip__shot_quality_scores__max,core_clip,1.03,284,False,0.2737098782737222,0.020847720849993822,0.1975097954273224,0.32773733139038086
core_clip__shot_quality_scores__mean,core_clip,1.03,288,False,0.2128334711305797,0.013220050997477908,0.1643020510673523,0.2562175989151001
core_clip__shot_quality_scores__min,core_clip,1.03,288,False,0.15401755640697148,0.018970476053854327,0.08861619979143143,0.21177193522453308
core_clip__shot_quality_scores__p50,core_clip,1.03,288,False,0.21292146041782367,0.01364950690190242,0.1691434383392334,0.2577291429042816
core_clip__shot_quality_scores__p90,core_clip,1.03,288,False,0.2399961123139494,0.013680637907913146,0.1912500560283661,0.27834516763687134
core_clip__shot_quality_scores__std,core_clip,1.03,288,False,0.021101417543832213,0.003632700240233971,0.011842257343232632,0.032597534358501434
core_clip__times_s__max,core_clip,1.03,276,False,151.300007339153,217.87101301258062,3.7666666507720947,875.77490234375
core_clip__times_s__mean,core_clip,1.03,281,False,75.65065766332879,108.93528427890958,1.882222294807434,437.8874816894531
core_clip__times_s__min,core_clip,1.03,1,True,0.0,0.0,0.0,0.0
core_clip__times_s__p50,core_clip,1.03,270,False,75.65072182690103,108.9360060443903,1.8666666746139526,437.9041442871094
core_clip__times_s__p90,core_clip,1.03,279,False,136.17090225799217,196.08346742314814,3.3933334350585938,788.2073974609375
core_clip__times_s__std,core_clip,1.03,283,False,43.851999847425354,63.080637817260595,1.1665629148483276,253.5978240966797
core_optical_flow__cam_affine_rotation__max,core_optical_flow,2.41,284,False,0.44683660225515703,0.5576787185801937,-0.0004661844577640295,3.1406095027923584
core_optical_flow__cam_affine_rotation__mean,core_optical_flow,2.41,284,False,0.0002758014034683788,0.013468380553364561,-0.08466136455535889,0.1262306272983551
core_optical_flow__cam_affine_rotation__min,core_optical_flow,2.41,284,False,-0.47558685680023316,0.5912133210755638,-3.1406188011169434,0.0006316889775916934
core_optical_flow__cam_affine_rotation__p50,core_optical_flow,2.41,284,False,0.0003599425350253562,0.006562753794212719,-0.06879743188619614,0.04496241360902786
core_optical_flow__cam_affine_rotation__p90,core_optical_flow,2.41,284,False,0.045234527197113544,0.05883934415103291,-0.0012009063502773643,0.3067340850830078
core_optical_flow__cam_affine_rotation__std,core_optical_flow,2.41,284,False,0.08044436165114412,0.08575835024460711,3.0365921702468768e-05,0.6364787817001343
core_optical_flow__cam_affine_scale__max,core_optical_flow,2.41,284,False,1.5627085056523202,0.6123165921403982,0.9962801337242126,4.321629524230957
core_optical_flow__cam_affine_scale__mean,core_optical_flow,2.41,284,False,1.0119393390249198,0.030450439909462276,0.7948819994926453,1.1548430919647217
core_optical_flow__cam_affine_scale__min,core_optical_flow,2.41,284,False,0.6465799203749195,0.3064303681416343,0.005407551769167185,1.0339158773422241
core_optical_flow__cam_affine_scale__p50,core_optical_flow,2.41,283,False,1.0024032897092927,0.020656895118589893,0.801767110824585,1.1370011568069458
core_optical_flow__cam_affine_scale__p90,core_optical_flow,2.41,284,False,1.0762604191689424,0.11868533569629118,0.9794653058052063,2.226372480392456
core_optical_flow__cam_affine_scale__std,core_optical_flow,2.41,284,False,0.09524496566888994,0.09600513685345108,3.404963354114443e-05,0.6286805868148804
core_optical_flow__cam_shake_std_norm__max,core_optical_flow,2.41,284,False,0.2562853898421886,0.26878694348139964,6.87696592649445e-05,1.2913514375686646
core_optical_flow__cam_shake_std_norm__mean,core_optical_flow,2.41,284,False,0.021088975238034064,0.027461622275898375,2.824341572704725e-05,0.21948891878128052
core_optical_flow__cam_shake_std_norm__min,core_optical_flow,2.41,284,False,0.0006524370821935776,0.0014666837997885085,8.673887350596488e-06,0.01533424574881792
core_optical_flow__cam_shake_std_norm__p50,core_optical_flow,2.41,284,False,0.008519730998466937,0.015482637367915967,2.582935121608898e-05,0.16026461124420166
core_optical_flow__cam_shake_std_norm__p90,core_optical_flow,2.41,284,False,0.05228875686092143,0.07782615808274376,3.7565470847766846e-05,0.7001960277557373
core_optical_flow__cam_shake_std_norm__std,core_optical_flow,2.41,284,False,0.03704431490763707,0.042191105770943045,1.9165149751643185e-06,0.31647878885269165
core_optical_flow__cam_tx_per_sec_norm__max,core_optical_flow,2.41,284,False,0.9629042150198293,1.1415332168595347,-0.08140619844198227,6.208502292633057
core_optical_flow__cam_tx_per_sec_norm__mean,core_optical_flow,2.41,284,False,-0.014822949539492725,0.0507095044364494,-0.46122968196868896,0.13854043185710907
core_optical_flow__cam_tx_per_sec_norm__min,core_optical_flow,2.41,284,False,-1.1166934136507092,1.2301744652542275,-6.062459945678711,0.01544720958918333
core_optical_flow__cam_tx_per_sec_norm__p50,core_optical_flow,2.41,284,False,-0.0022251573855573375,0.02683409185303312,-0.3622615933418274,0.14989390969276428
core_optical_flow__cam_tx_per_sec_norm__p90,core_optical_flow,2.41,284,False,0.08912209707882283,0.1690804177105245,-0.17927321791648865,1.3150646686553955
core_optical_flow__cam_tx_per_sec_norm__std,core_optical_flow,2.41,284,False,0.22169242379627768,0.26037666211048965,9.840894563239999e-06,1.0174893140792847
core_optical_flow__cam_ty_per_sec_norm__max,core_optical_flow,2.41,284,False,0.33949480683429073,0.37293079449066824,-0.00019624552805908024,1.7484008073806763
core_optical_flow__cam_ty_per_sec_norm__mean,core_optical_flow,2.41,284,False,-0.003456765951702043,0.018909281986287628,-0.14467497169971466,0.12748655676841736
core_optical_flow__cam_ty_per_sec_norm__min,core_optical_flow,2.41,284,False,-0.38789083165508126,0.4461768560380961,-2.1816699504852295,0.015914486721158028
core_optical_flow__cam_ty_per_sec_norm__p50,core_optical_flow,2.41,284,False,-0.00018908266141897832,0.011102176571020708,-0.053244929760694504,0.12190328538417816
core_optical_flow__cam_ty_per_sec_norm__p90,core_optical_flow,2.41,284,False,0.03875155602151766,0.056958195093234014,-0.0037609029095619917,0.3579202890396118
core_optical_flow__cam_ty_per_sec_norm__std,core_optical_flow,2.41,284,False,0.07393167221853282,0.07809480412693204,6.610819582419936e-06,0.3372076153755188
core_optical_flow__dt_seconds__max,core_optical_flow,2.41,115,False,0.6184142529964447,0.6495628180248103,0.2549896240234375,2.736083984375
core_optical_flow__dt_seconds__mean,core_optical_flow,2.41,266,False,0.6024837485501464,0.6467983907424573,0.2504854202270508,2.7197978496551514
core_optical_flow__dt_seconds__min,core_optical_flow,2.41,122,False,0.5836474072765296,0.6442754094133136,0.09999847412109375,2.70269775390625
core_optical_flow__dt_seconds__p50,core_optical_flow,2.41,131,False,0.6074743003282749,0.6455063614271046,0.23738908767700195,2.73602294921875
core_optical_flow__dt_seconds__p90,core_optical_flow,2.41,127,False,0.6139261784477973,0.6472412815025468,0.25,2.736083984375
core_optical_flow__dt_seconds__std,core_optical_flow,2.41,278,False,0.012969309931177595,0.005423442930325873,6.233602789507131e-08,0.04712317883968353
core_optical_flow__flow_consistency__max,core_optical_flow,2.41,284,False,0.9676614875944567,0.03089838771766536,0.7915940284729004,0.9901942014694214
core_optical_flow__flow_consistency__mean,core_optical_flow,2.41,284,False,0.7330843488305387,0.14134182072279738,0.4061300456523895,0.9850727319717407
core_optical_flow__flow_consistency__min,core_optical_flow,2.41,284,False,0.30571292338132017,0.23956006946983743,0.11655078828334808,0.984799861907959
core_optical_flow__flow_consistency__p50,core_optical_flow,2.41,284,False,0.7624418855133192,0.1595074539031837,0.32094764709472656,0.9850761890411377
core_optical_flow__flow_consistency__p90,core_optical_flow,2.41,284,False,0.9193737351558577,0.07007742761546534,0.6032963395118713,0.9880864024162292
core_optical_flow__flow_consistency__std,core_optical_flow,2.41,284,False,0.1684094589116182,0.07558737973405522,5.973187944618985e-05,0.3094961941242218
core_optical_flow__flow_dir_cos_mean__max,core_optical_flow,2.41,284,False,0.9444204706331374,0.17319294763133958,-0.19577860832214355,0.9999886155128479
core_optical_flow__flow_dir_cos_mean__mean,core_optical_flow,2.41,284,False,0.011296161170833676,0.1820746778908284,-0.9103291034698486,0.6780796647071838
core_optical_flow__flow_dir_cos_mean__min,core_optical_flow,2.41,283,False,-0.9227108445836717,0.2521038350643305,-0.9999940991401672,0.5592045783996582
core_optical_flow__flow_dir_cos_mean__p50,core_optical_flow,2.41,284,False,0.011774378792017134,0.29152363646881857,-0.9722408056259155,0.9566820859909058
core_optical_flow__flow_dir_cos_mean__p90,core_optical_flow,2.41,284,False,0.8227163172313865,0.22180110263426037,-0.8203612565994263,0.9995188117027283
core_optical_flow__flow_dir_cos_mean__std,core_optical_flow,2.41,284,False,0.6127903463768208,0.18046250046071258,0.006596545223146677,0.9451698064804077
core_optical_flow__flow_dir_dispersion__max,core_optical_flow,2.41,284,False,0.8719761816023941,0.1364244524777947,0.2124907523393631,0.9955602288246155
core_optical_flow__flow_dir_dispersion__mean,core_optical_flow,2.41,284,False,0.25236278569037224,0.12281993021210005,0.017794402316212654,0.8326525688171387
core_optical_flow__flow_dir_dispersion__min,core_optical_flow,2.41,284,False,0.02685219923588308,0.10108859522570579,4.259515662852209e-06,0.7722541093826294
core_optical_flow__flow_dir_dispersion__p50,core_optical_flow,2.41,284,False,0.18368506568920975,0.15386300219275373,0.0003101570182479918,0.8577373027801514
core_optical_flow__flow_dir_dispersion__p90,core_optical_flow,2.41,284,False,0.57260483044239,0.15172012959196546,0.03513597697019577,0.8757529854774475
core_optical_flow__flow_dir_dispersion__std,core_optical_flow,2.41,284,False,0.21410438440851604,0.05726793564855351,0.0062909675762057304,0.3406282961368561
core_optical_flow__flow_dir_sin_mean__max,core_optical_flow,2.41,284,False,0.8223466196189254,0.28157255954914057,-0.48681044578552246,0.999994158744812
core_optical_flow__flow_dir_sin_mean__mean,core_optical_flow,2.41,284,False,-0.0008381521990268597,0.13289761387751994,-0.5900517106056213,0.4717862010002136
core_optical_flow__flow_dir_sin_mean__min,core_optical_flow,2.41,284,False,-0.8380072335450267,0.22517193902114674,-0.9999874234199524,0.05504240840673447
core_optical_flow__flow_dir_sin_mean__p50,core_optical_flow,2.41,284,False,-0.0021743790888982583,0.16208387018305037,-0.7824192643165588,0.9402232766151428
core_optical_flow__flow_dir_sin_mean__p90,core_optical_flow,2.41,284,False,0.5016761779904851,0.25658285754359533,-0.573833167552948,0.993947446346283
core_optical_flow__flow_dir_sin_mean__std,core_optical_flow,2.41,284,False,0.38299496106895237,0.13323944273926716,0.005871838890016079,0.7341966032981873
core_optical_flow__flow_div_abs_mean__max,core_optical_flow,2.41,284,False,3.6285024511982016,1.9488095542104547,0.015434719622135162,7.579950332641602
core_optical_flow__flow_div_abs_mean__mean,core_optical_flow,2.41,284,False,0.6345266669522971,0.47431412351920704,0.015153542160987854,2.03134822845459
core_optical_flow__flow_div_abs_mean__min,core_optical_flow,2.41,284,False,0.03458548793700379,0.03671869156919491,0.009902918711304665,0.26327383518218994
core_optical_flow__flow_div_abs_mean__p50,core_optical_flow,2.41,284,False,0.3885454015714497,0.38955836092957347,0.015149959363043308,2.1157798767089844
core_optical_flow__flow_div_abs_mean__p90,core_optical_flow,2.41,284,False,1.53232423973296,1.196028995690752,0.015181922353804111,4.164377212524414
core_optical_flow__flow_div_abs_mean__std,core_optical_flow,2.41,284,False,0.6959632196862593,0.4334403638280407,6.169077096274123e-05,1.6127657890319824
core_optical_flow__flow_dx_mean_per_sec_norm__max,core_optical_flow,2.41,284,False,1.0727529155813653,1.1488420422346868,-0.016735564917325974,5.8723225593566895
core_optical_flow__flow_dx_mean_per_sec_norm__mean,core_optical_flow,2.41,284,False,-0.01588042424161909,0.054648331065438475,-0.4564393162727356,0.13723187148571014
core_optical_flow__flow_dx_mean_per_sec_norm__min,core_optical_flow,2.41,284,False,-1.206908747355176,1.2078718314031702,-6.411229610443115,0.001224177423864603
core_optical_flow__flow_dx_mean_per_sec_norm__p50,core_optical_flow,2.41,284,False,-0.0022262419970042026,0.03418328217969155,-0.36658555269241333,0.1828872263431549
core_optical_flow__flow_dx_mean_per_sec_norm__p90,core_optical_flow,2.41,284,False,0.12764305606355855,0.2028200793537196,-0.19161535799503326,1.5121574401855469
core_optical_flow__flow_dx_mean_per_sec_norm__std,core_optical_flow,2.41,284,False,0.25834115131955593,0.27779482975750447,9.165253686660435e-06,1.157304048538208
core_optical_flow__flow_dy_mean_per_sec_norm__max,core_optical_flow,2.41,284,False,0.34728673919520153,0.360250975196086,-0.0009373394423164427,1.6660457849502563
core_optical_flow__flow_dy_mean_per_sec_norm__mean,core_optical_flow,2.41,284,False,0.0006321314158340806,0.015489099138579156,-0.09295704215765,0.090436652302742
core_optical_flow__flow_dy_mean_per_sec_norm__min,core_optical_flow,2.41,284,False,-0.35908907635912074,0.3995251999486138,-1.9610512256622314,0.0016059919726103544
core_optical_flow__flow_dy_mean_per_sec_norm__p50,core_optical_flow,2.41,284,False,0.0017644118806944636,0.010109658971607462,-0.04002458602190018,0.08787116408348083
core_optical_flow__flow_dy_mean_per_sec_norm__p90,core_optical_flow,2.41,284,False,0.046473502468483224,0.05516445383502926,-0.0010155008640140295,0.41162875294685364
core_optical_flow__flow_dy_mean_per_sec_norm__std,core_optical_flow,2.41,284,False,0.07188769911193395,0.06751627696960812,8.635144695290364e-06,0.33528485894203186
core_optical_flow__flow_mag_p95_per_sec_norm__max,core_optical_flow,2.41,284,False,1.7190703751425451,1.3758660615411222,0.0007286650943569839,7.045697212219238
core_optical_flow__flow_mag_p95_per_sec_norm__mean,core_optical_flow,2.41,284,False,0.27162357412893934,0.2503428981522587,0.0003446654591243714,1.3601635694503784
core_optical_flow__flow_mag_p95_per_sec_norm__min,core_optical_flow,2.41,284,False,0.013717884588375865,0.02532287427572607,0.00017067462613340467,0.18382596969604492
core_optical_flow__flow_mag_p95_per_sec_norm__p50,core_optical_flow,2.41,284,False,0.154023084586915,0.16463425461173842,0.00032256715348921716,1.0217002630233765
core_optical_flow__flow_mag_p95_per_sec_norm__p90,core_optical_flow,2.41,284,False,0.6758125437320903,0.6933773100030242,0.00042937209946103394,2.9090371131896973
core_optical_flow__flow_mag_p95_per_sec_norm__std,core_optical_flow,2.41,284,False,0.3267229837250801,0.2837811648094568,2.188685175497085e-05,1.2172907590866089
core_optical_flow__flow_mag_std_per_sec_norm__max,core_optical_flow,2.41,284,False,0.42203738659065465,0.34393888959713054,0.0002165621699532494,1.5337234735488892
core_optical_flow__flow_mag_std_per_sec_norm__mean,core_optical_flow,2.41,284,False,0.06771108812596063,0.05967987468173037,0.00010677906539058313,0.3490990698337555
core_optical_flow__flow_mag_std_per_sec_norm__min,core_optical_flow,2.41,284,False,0.0034092488900108,0.006201096014474201,4.473873195820488e-05,0.04672631993889809
core_optical_flow__flow_mag_std_per_sec_norm__p50,core_optical_flow,2.41,284,False,0.04314421524275172,0.0441359642389693,9.19798985705711e-05,0.30516141653060913
core_optical_flow__flow_mag_std_per_sec_norm__p90,core_optical_flow,2.41,284,False,0.15257646140561917,0.13922121000189042,0.00011650314263533801,0.894638180732727
core_optical_flow__flow_mag_std_per_sec_norm__std,core_optical_flow,2.41,284,False,0.07355556305754388,0.061407108118552337,5.994017556076869e-06,0.33213678002357483
core_optical_flow__motion_norm_per_sec_mean__max,core_optical_flow,2.41,284,False,1.373633703194775,1.2627958716311216,0.00038449763087555766,6.445206165313721
core_optical_flow__motion_norm_per_sec_mean__mean,core_optical_flow,2.41,284,False,0.1509851608720004,0.16464089096779358,0.00016012218839023262,0.9484496116638184
core_optical_flow__motion_norm_per_sec_mean__min,core_optical_flow,2.41,1,True,0.0,0.0,0.0,0.0
core_optical_flow__motion_norm_per_sec_mean__p50,core_optical_flow,2.41,284,False,0.06705147022886437,0.08961882071723293,0.0001472690491937101,0.786040723323822
core_optical_flow__motion_norm_per_sec_mean__p90,core_optical_flow,2.41,284,False,0.398666575397623,0.5124758856540164,0.00020350131671875715,2.263648271560669
core_optical_flow__motion_norm_per_sec_mean__std,core_optical_flow,2.41,284,False,0.2359408568060106,0.24066022600591033,2.2536978576681577e-05,1.018146276473999
core_optical_flow__preview_cur_times_s__max,core_optical_flow,2.41,272,False,148.9786596021182,216.92063069517715,3.7666666507720947,875.77490234375
core_optical_flow__preview_cur_times_s__mean,core_optical_flow,2.41,276,False,74.79174893674715,108.7820739280066,2.016666889190674,439.25213623046875
core_optical_flow__preview_cur_times_s__min,core_optical_flow,2.41,101,False,0.6075338480443182,0.6454757634445543,0.23738889396190643,2.7360665798187256
core_optical_flow__preview_cur_times_s__p50,core_optical_flow,2.41,272,False,74.79152281771243,108.78188078389063,2.0166666507720947,439.2554931640625
core_optical_flow__preview_cur_times_s__p90,core_optical_flow,2.41,275,False,134.15122711490577,195.302985752407,3.492000102996826,787.6668701171875
core_optical_flow__preview_cur_times_s__std,core_optical_flow,2.41,278,False,47.36592032246187,69.04457324889161,1.148048758506775,278.5353088378906
core_optical_flow__preview_flow_mag_map_norm__max,core_optical_flow,2.41,1,True,1.0,0.0,1.0,1.0
core_optical_flow__preview_flow_mag_map_norm__mean,core_optical_flow,2.41,284,False,0.3618643500015769,0.09201881722168045,0.1426667422056198,0.6914775967597961
core_optical_flow__preview_flow_mag_map_norm__min,core_optical_flow,2.41,1,True,0.0,0.0,0.0,0.0
core_optical_flow__preview_flow_mag_map_norm__p50,core_optical_flow,2.41,284,False,0.2785098097831483,0.15202235741417963,0.014484702609479427,0.8065993785858154
core_optical_flow__preview_flow_mag_map_norm__p90,core_optical_flow,2.41,284,False,0.8689047932414942,0.08064785618958317,0.4728352129459381,0.9953317642211914
core_optical_flow__preview_flow_mag_map_norm__std,core_optical_flow,2.41,284,False,0.3168602927889622,0.025454410764697556,0.25190994143486023,0.3980065882205963
core_optical_flow__preview_pair_pos__max,core_optical_flow,2.41,146,False,175.53521126760563,110.14106996433287,14.0,322.0
core_optical_flow__preview_pair_pos__mean,core_optical_flow,2.41,146,False,88.26760563380282,55.070534982166436,7.5,161.5
core_optical_flow__preview_pair_pos__min,core_optical_flow,2.41,1,True,1.0,0.0,1.0,1.0
core_optical_flow__preview_pair_pos__p50,core_optical_flow,2.41,146,False,88.26760563380282,55.070534982166436,7.5,161.5
core_optical_flow__preview_pair_pos__p90,core_optical_flow,2.41,146,False,158.08661904805143,99.1410763768345,13.100000381469727,289.6000061035156
core_optical_flow__preview_pair_pos__std,core_optical_flow,2.41,146,False,55.711218707998036,35.157986327192575,4.27200174331665,102.41020202636719
core_optical_flow__preview_prev_times_s__max,core_optical_flow,2.41,273,False,148.3737832039175,216.27684617556554,3.5,873.038818359375
core_optical_flow__preview_prev_times_s__mean,core_optical_flow,2.41,277,False,74.18817141232356,108.1381558447595,1.746666669845581,436.52276611328125
core_optical_flow__preview_prev_times_s__min,core_optical_flow,2.41,1,True,0.0,0.0,0.0,0.0
core_optical_flow__preview_prev_times_s__p50,core_optical_flow,2.41,265,False,74.18848064919592,108.1385049841217,1.7333333492279053,436.5194091796875
core_optical_flow__preview_prev_times_s__p90,core_optical_flow,2.41,277,False,133.54837057959867,194.65856237291888,3.2120001316070557,784.9308471679688
core_optical_flow__preview_prev_times_s__std,core_optical_flow,2.41,278,False,47.366330603058906,69.0444805616786,1.148048758506775,278.5353088378906
core_optical_flow__times_s__max,core_optical_flow,2.41,272,False,148.9786596021182,216.92063069517715,3.7666666507720947,875.77490234375
core_optical_flow__times_s__mean,core_optical_flow,2.41,277,False,74.48997697905756,108.46010702198848,1.882222294807434,437.8874816894531
core_optical_flow__times_s__min,core_optical_flow,2.41,1,True,0.0,0.0,0.0,0.0
core_optical_flow__times_s__p50,core_optical_flow,2.41,266,False,74.49005796581926,108.46083177868539,1.8666666746139526,437.9041442871094
core_optical_flow__times_s__p90,core_optical_flow,2.41,275,False,134.08160808304666,195.22806698840844,3.3933334350585938,788.2073974609375
core_optical_flow__times_s__std,core_optical_flow,2.41,279,False,43.179787462865804,62.80540857423166,1.1665629148483276,253.5978240966797
cut_detection__audio_cut_alignment_score,cut_detection,2.06,51,False,0.2756459150147434,0.3412245487980283,0.0,1.0
cut_detection__audio_spike_cut_ratio,cut_detection,2.06,282,False,0.1050102779978046,0.029353603926716054,0.0,0.16904276985731906
cut_detection__avg_fade_duration,cut_detection,2.06,254,False,35.084965301625914,75.73709424400089,0.0,566.399169921875
cut_detection__avg_scene_length_shots,cut_detection,2.06,12,False,1.0368092944780252,0.42405634036701473,1.0,8.0
cut_detection__avg_shot_length,cut_detection,2.06,278,False,23.763393764328537,58.887941631700606,1.746666669845581,740.6799926757812
cut_detection__cut_interval_cv,cut_detection,7.9,191,False,0.4342709792589334,0.37380469586452364,0.0,1.6383510591116792
cut_detection__cut_interval_entropy,cut_detection,7.9,114,False,0.4986806090629034,0.3566558929712469,3.134004791139955e-08,0.9999999992786525
cut_detection__cut_interval_std,cut_detection,7.9,191,False,11.75809369858966,23.173667152184194,0.0,143.8186798095703
cut_detection__cut_rhythm_uniformity_score,cut_detection,7.9,177,False,0.5794936395454747,0.34359637615377325,0.0,1.0
cut_detection__cuts_per_minute,cut_detection,2.06,263,False,7.266944068231472,5.894046717613324,0.0,27.48091523029487
cut_detection__dissolve_count,cut_detection,2.06,7,False,0.22456140350877193,0.8550349432268064,0.0,9.0
cut_detection__edit_style_cinematic_prob,cut_detection,2.06,1,True,0.0,0.0,0.0,0.0
cut_detection__edit_style_fast_prob,cut_detection,2.06,2,False,0.003508771922031021,0.059234887644339124,0.0,0.999999997778841
cut_detection__edit_style_high_action_prob,cut_detection,2.06,11,False,0.035087719244543715,0.18432521376022262,0.0,0.9999999986503608
cut_detection__edit_style_meme_prob,cut_detection,2.06,1,True,0.0,0.0,0.0,0.0
cut_detection__edit_style_slow_prob,cut_detection,2.06,21,False,0.12982456125225328,0.3367015393419482,0.0,0.9999999989999999
cut_detection__edit_style_social_prob,cut_detection,2.06,1,True,0.0,0.0,0.0,0.0
cut_detection__event_contrib_mask__mean,cut_detection,3.78,6,False,0.02929315460579736,0.1249484634415973,0.0,0.75
cut_detection__event_end_time_s__max,cut_detection,3.78,272,False,148.22091836455678,214.82789755239247,0.13333334028720856,875.77490234375
cut_detection__event_end_time_s__mean,cut_detection,3.78,276,False,73.06067096585674,104.8068935027721,0.13333334028720856,455.8895568847656
cut_detection__event_end_time_s__min,cut_detection,3.78,233,False,6.968797417464001,12.598818944354344,0.125,94.03333282470703
cut_detection__event_end_time_s__p50,cut_detection,3.78,272,False,70.56013416301991,104.75572495246966,0.125,487.8790588378906
cut_detection__event_end_time_s__p90,cut_detection,3.78,277,False,130.35409535845474,189.99024667241545,0.13333334028720856,823.6083374023438
cut_detection__event_end_time_s__std,cut_detection,3.78,264,False,44.3210661150249,65.56492075268636,0.0,283.3369140625
cut_detection__event_pair_index__max,cut_detection,3.78,160,False,163.08928571428572,109.20256354496732,0.0,321.0
cut_detection__event_pair_index__mean,cut_detection,3.78,252,False,84.09537970338549,54.9930850220192,0.0,202.77777099609375
cut_detection__event_pair_index__min,cut_detection,3.78,39,False,9.803571428571429,11.074883014919969,0.0,84.0
cut_detection__event_pair_index__p50,cut_detection,3.78,184,False,82.8625,58.491244213485295,0.0,224.0
cut_detection__event_pair_index__p90,cut_detection,3.78,247,False,146.36214312144688,98.33534181154315,0.0,304.79998779296875
cut_detection__event_pair_index__std,cut_detection,3.78,255,False,48.74809275056634,34.37612883143023,0.0,118.2835464477539
cut_detection__event_start_time_s__max,cut_detection,3.78,273,False,140.10695244323995,207.34753414350283,0.0,874.4068603515625
cut_detection__event_start_time_s__mean,cut_detection,3.78,274,False,67.67046243223761,100.4845607093707,0.0,444.36322021484375
cut_detection__event_start_time_s__min,cut_detection,3.78,82,False,1.1786821193993091,3.267511781245933,0.0,32.46576690673828
cut_detection__event_start_time_s__p50,cut_detection,3.78,270,False,65.35786905458995,99.696119316192,0.0,487.8790588378906
cut_detection__event_start_time_s__p90,cut_detection,3.78,273,False,124.0638550126659,184.69957072018263,0.0,804.1333618164062
cut_detection__event_start_time_s__std,cut_detection,3.78,265,False,43.32345243836088,64.64551040780167,0.0,282.52154541015625
cut_detection__event_strength__max,cut_detection,3.78,240,False,57.38835215084255,106.32701022911013,0.13456209003925323,741.8077392578125
cut_detection__event_strength__mean,cut_detection,3.78,267,False,6.718786600923964,9.375308210779563,0.11402560770511627,126.98332977294922
cut_detection__event_strength__min,cut_detection,3.78,203,False,1.0864238092124912,0.9430260130510084,0.0005094399093650281,6.300000190734863
cut_detection__event_strength__p50,cut_detection,3.78,122,False,2.6686475234089553,7.587131512476894,0.003148851450532675,126.98332977294922
cut_detection__event_strength__p90,cut_detection,3.78,227,False,11.741321453505329,18.82123162782704,0.13045479357242584,226.97000122070312
cut_detection__event_strength__std,cut_detection,3.78,263,False,13.1223507476921,23.02760162213385,0.0,149.5098876953125
cut_detection__event_times_s__max,cut_detection,3.78,277,False,142.3281021011195,209.30658409532717,0.13333334028720856,874.4068603515625
cut_detection__event_times_s__mean,cut_detection,3.78,276,False,70.36556738439415,102.55928067914483,0.13333334028720856,450.1264343261719
cut_detection__event_times_s__min,cut_detection,3.78,232,False,5.322686245026333,8.887616187952265,0.125,83.19999694824219
cut_detection__event_times_s__p50,cut_detection,3.78,271,False,68.24362215820167,102.22736117855699,0.125,487.8790588378906
cut_detection__event_times_s__p90,cut_detection,3.78,277,False,126.25715716667473,186.27837174829097,0.13333334028720856,813.870849609375
cut_detection__event_times_s__std,cut_detection,3.78,264,False,42.89768320353968,64.35066794948203,0.0,282.7248840332031
cut_detection__event_type_id__max,cut_detection,3.78,7,False,6.478571428571429,2.4199524778143213,1.0,8.0
cut_detection__event_type_id__mean,cut_detection,3.78,174,False,3.2394158444234304,1.1985116527547524,1.0,7.0
cut_detection__event_type_id__min,cut_detection,3.78,5,False,1.1035714285714286,0.5219086441825849,1.0,6.0
cut_detection__event_type_id__p50,cut_detection,3.78,11,False,2.7303571428571427,1.841275041595319,1.0,7.0
cut_detection__event_type_id__p90,cut_detection,3.78,40,False,5.65000000170299,2.1353485165297688,1.0,7.800000190734863
cut_detection__event_type_id__std,cut_detection,3.78,216,False,2.1030406675168445,0.9772493062471195,0.0,3.149343967437744
cut_detection__extremely_short_shots_count,cut_detection,2.06,2,False,0.10526315789473684,0.3074320333861851,0.0,1.0
cut_detection__fade_in_count,cut_detection,2.06,12,False,1.631578947368421,2.1116009124926363,0.0,11.0
cut_detection__fade_out_count,cut_detection,2.06,11,False,1.7333333333333334,2.003283689322634,0.0,10.0
cut_detection__flow_mag__max,cut_detection,2.75,283,False,1.3752067395569856,1.2647541179334387,0.00038449763087555766,6.445206165313721
cut_detection__flow_mag__mean,cut_detection,2.75,283,False,0.15300167878030868,0.16701232511905956,0.00016065771342255175,0.9763453006744385
cut_detection__flow_mag__min,cut_detection,2.75,283,False,0.006858494567077865,0.01479114733613567,5.827127461088821e-05,0.1466377228498459
cut_detection__flow_mag__p50,cut_detection,2.75,283,False,0.06846300746421594,0.09167055849207982,0.0001473812444601208,0.7918404936790466
cut_detection__flow_mag__p90,cut_detection,2.75,283,False,0.4024100730979491,0.5175826738295365,0.00020370868151076138,2.312112808227539
cut_detection__flow_mag__std,cut_detection,2.75,283,False,0.2366358251623391,0.2417052826489047,9.712659448268823e-06,1.0200365781784058
cut_detection__flow_spike_ratio,cut_detection,2.06,136,False,80701755.45860085,969869781.4433529,0.0,15999999999.999998
cut_detection__flow_valid_mask__mean,cut_detection,2.75,1,True,1.0,0.0,1.0,1.0
cut_detection__hard_cut_strength_mean,cut_detection,2.06,63,False,2.1137207620652303,0.5980649937634607,0.0,3.0
cut_detection__hard_cut_strength_p25,cut_detection,2.06,5,False,1.9508771929824562,0.547279702614213,0.0,3.0
cut_detection__hard_cut_strength_p50,cut_detection,2.06,4,False,2.068421052631579,0.6402458525190945,0.0,3.0
cut_detection__hard_cut_strength_p75,cut_detection,2.06,6,False,2.237719298245614,0.7184245712606545,0.0,3.0
cut_detection__hard_cuts_count,cut_detection,2.06,28,False,6.912280701754386,6.505362635512384,0.0,35.0
cut_detection__hard_cuts_per_minute,cut_detection,2.06,263,False,7.266944068231472,5.894046717613324,0.0,27.48091523029487
cut_detection__hard_score__max,cut_detection,2.75,3,False,2.547703180212014,0.6075938098982986,1.0,3.0
cut_detection__hard_score__mean,cut_detection,2.75,251,False,0.21041084121083412,0.09550540527259577,0.030651340261101723,0.568561851978302
cut_detection__hard_score__min,cut_detection,2.75,1,True,0.0,0.0,0.0,0.0
cut_detection__hard_score__p50,cut_detection,2.75,1,True,0.0,0.0,0.0,0.0
cut_detection__hard_score__p90,cut_detection,2.75,17,False,0.7795053002796409,0.5889079033640858,0.0,2.5999999046325684
cut_detection__hard_score__std,cut_detection,2.75,278,False,0.5547330306296635,0.1479368424862121,0.19230768084526062,1.0064256191253662
cut_detection__hist_diff_l1__max,cut_detection,2.75,279,False,1.1040647029329598,0.667866239031103,0.0017165743047371507,2.0
cut_detection__hist_diff_l1__mean,cut_detection,2.75,283,False,0.18413515369045422,0.1411159659940096,0.0002680584730114788,0.8237723708152771
cut_detection__hist_diff_l1__min,cut_detection,2.75,255,False,0.014300545029725357,0.02150639816406141,0.0,0.2710995674133301
cut_detection__hist_diff_l1__p50,cut_detection,2.75,283,False,0.1166024670170829,0.11638065480675788,0.0,0.8890109062194824
cut_detection__hist_diff_l1__p90,cut_detection,2.75,283,False,0.42386974623429263,0.3574657149504402,0.0005733658326789737,1.856900691986084
cut_detection__hist_diff_l1__std,cut_detection,2.75,283,False,0.19971600816432508,0.13916539646468376,0.0003670763981062919,0.6982972621917725
cut_detection__long_shots_ratio,cut_detection,2.06,70,False,0.6143307385167518,0.3133200888174766,0.0,1.0
cut_detection__max_cut_interval,cut_detection,7.9,259,False,49.97159530778429,89.31289923834225,1.5014991760253906,654.9376220703125
cut_detection__median_cut_interval,cut_detection,7.9,260,False,26.0550761992362,68.77366064369585,1.5014991760253906,654.9376220703125
cut_detection__median_shot_length,cut_detection,2.06,267,False,19.383701241643806,56.87783476697277,1.5047277212142944,740.6799926757812
cut_detection__min_cut_interval,cut_detection,7.9,230,False,17.949045162592363,62.02018637322098,1.4999990463256836,654.9376220703125
cut_detection__motion_cam_valid_mask__mean,cut_detection,2.75,109,False,0.055320546991938835,0.008442838348574337,0.04568528011441231,0.09090909361839294
cut_detection__motion_camera_motion_flag__mean,cut_detection,2.75,159,False,0.027270503511632606,0.02481388590480735,0.0,0.09090909361839294
cut_detection__motion_cut_intensity_score,cut_detection,2.06,208,False,0.8260998370704279,0.9769761604281716,0.0,4.053575444221496
cut_detection__motion_cuts_count,cut_detection,2.06,18,False,5.922807017543859,5.518949990198931,0.0,17.0
cut_detection__motion_dir_consistency__max,cut_detection,29.55,205,False,0.5701647101015579,0.18500401399316252,0.10457970201969147,0.9113380908966064
cut_detection__motion_dir_consistency__mean,cut_detection,29.55,205,False,0.35573122225156645,0.11627195068172828,0.06925629824399948,0.8929456472396851
cut_detection__motion_dir_consistency__min,cut_detection,29.55,205,False,0.16846058363231217,0.13166868110034022,0.01896665059030056,0.8929456472396851
cut_detection__motion_dir_consistency__p50,cut_detection,29.55,205,False,0.3472417712211609,0.12346364235242217,0.06476528197526932,0.8929456472396851
cut_detection__motion_dir_consistency__p90,cut_detection,29.55,205,False,0.5054751801781538,0.16087335441692566,0.1005592793226242,0.8929456472396851
cut_detection__motion_dir_consistency__std,cut_detection,29.55,187,False,0.13065236388455803,0.06665384072730382,0.0,0.37096846103668213
cut_detection__motion_dir_valid_mask__mean,cut_detection,2.75,175,False,0.02805004344492914,0.021689078175292538,0.0,0.09090909361839294
cut_detection__motion_flow_mag__max,cut_detection,2.75,283,False,1.3752067395569856,1.2647541179334387,0.00038449763087555766,6.445206165313721
cut_detection__motion_flow_mag__mean,cut_detection,2.75,283,False,0.15300167878030868,0.16701232511905956,0.00016065771342255175,0.9763453006744385
cut_detection__motion_flow_mag__min,cut_detection,2.75,283,False,0.006858494567077865,0.01479114733613567,5.827127461088821e-05,0.1466377228498459
cut_detection__motion_flow_mag__p50,cut_detection,2.75,283,False,0.06846300746421594,0.09167055849207982,0.0001473812444601208,0.7918404936790466
cut_detection__motion_flow_mag__p90,cut_detection,2.75,283,False,0.4024100730979491,0.5175826738295365,0.00020370868151076138,2.312112808227539
cut_detection__motion_flow_mag__std,cut_detection,2.75,283,False,0.2366358251623391,0.2417052826489047,9.712659448268823e-06,1.0200365781784058
cut_detection__motion_mag_variance__max,cut_detection,29.55,205,False,459.6464315763334,1311.8309679526112,4.243783473968506,12116.76953125
cut_detection__motion_mag_variance__mean,cut_detection,29.55,205,False,150.94124017343287,219.670570345457,3.6024627685546875,1857.035400390625
cut_detection__motion_mag_variance__min,cut_detection,29.55,205,False,55.34345199170582,59.75888315225365,2.1683318252030404e-08,497.7200012207031
cut_detection__motion_mag_variance__p50,cut_detection,29.55,205,False,115.38612513425873,146.80975497505088,2.4903392791748047,1532.211669921875
cut_detection__motion_mag_variance__p90,cut_detection,29.55,205,False,237.34920337258316,400.8365068565594,4.243783473968506,3053.30126953125
cut_detection__motion_mag_variance__std,cut_detection,29.55,187,False,124.7507938733915,385.6792381860131,0.0,3443.2880859375
cut_detection__motion_var_valid_mask__mean,cut_detection,2.75,175,False,0.02805004344492914,0.021689078175292538,0.0,0.09090909361839294
cut_detection__pair_dt_s__max,cut_detection,2.75,114,False,0.6196984389645472,0.6503522522743906,0.26000022888183594,2.736083984375
cut_detection__pair_dt_s__mean,cut_detection,2.75,265,False,0.6037222670371457,0.6476067340626469,0.2504854202270508,2.7197978496551514
cut_detection__pair_dt_s__min,cut_detection,2.75,121,False,0.584958964438826,0.6450368146496948,0.09999847412109375,2.70269775390625
cut_detection__pair_dt_s__p50,cut_detection,2.75,130,False,0.6087198696582983,0.6463078783352013,0.23738908767700195,2.73602294921875
cut_detection__pair_dt_s__p90,cut_detection,2.75,126,False,0.6151945061270845,0.6480342080550197,0.25,2.736083984375
cut_detection__pair_dt_s__std,cut_detection,2.75,277,False,0.012976672597232114,0.005431628423400244,6.233602789507131e-08,0.04712317883968353
cut_detection__pair_times_s__max,cut_detection,2.75,277,False,149.12634522333585,216.84932924908688,3.633333206176758,874.4068603515625
cut_detection__pair_times_s__mean,cut_detection,2.75,278,False,74.71535316920533,108.58560213031971,1.8821429014205933,437.8874816894531
cut_detection__pair_times_s__min,cut_detection,2.75,100,False,0.30438979499226326,0.32313855755433574,0.11869444698095322,1.3680332899093628
cut_detection__pair_times_s__p50,cut_detection,2.75,275,False,74.71529388301364,108.58555674585905,1.875,437.89581298828125
cut_detection__pair_times_s__p90,cut_detection,2.75,277,False,134.24577062458536,195.19612196433795,3.2866666316986084,787.1146850585938
cut_detection__pair_times_s__std,cut_detection,2.75,278,False,43.13595953973359,62.69202992775559,1.0893142223358154,252.81268310546875
cut_detection__scene_count,cut_detection,2.06,26,False,7.796491228070176,6.331843425598585,1.0,36.0
cut_detection__scene_dissolve_transitions,cut_detection,2.06,1,True,0.0,0.0,0.0,0.0
cut_detection__scene_fade_transitions,cut_detection,2.06,1,True,0.0,0.0,0.0,0.0
cut_detection__scene_hard_cut_transitions,cut_detection,2.06,26,False,6.796491228070176,6.331843425598585,0.0,35.0
cut_detection__scene_motion_transitions,cut_detection,2.06,1,True,0.0,0.0,0.0,0.0
cut_detection__scene_stylized_transitions,cut_detection,2.06,1,True,0.0,0.0,0.0,0.0
cut_detection__scene_to_shot_ratio,cut_detection,2.06,37,False,0.989312871783713,0.07175569646366614,0.124999999984375,0.9999999999722223
cut_detection__scene_whoosh_transition_prob,cut_detection,2.06,282,False,0.22836544969051056,0.0910244903523717,0.0,0.5076376774229125
cut_detection__short_shots_ratio,cut_detection,2.06,24,False,0.07781103383429766,0.1524700945965401,0.0,0.5
cut_detection__shot_length_histogram__max,cut_detection,2.06,57,False,0.4818613555870558,0.1910069847263296,0.20000000298023224,1.0
cut_detection__shot_length_histogram__mean,cut_detection,2.06,3,False,0.12500000054899016,2.9143317566708857e-09,0.1249999925494194,0.1250000149011612
cut_detection__shot_length_histogram__min,cut_detection,2.06,5,False,0.0010033262011251952,0.007850732407059366,0.0,0.07692307978868484
cut_detection__shot_length_histogram__p50,cut_detection,2.06,38,False,0.04995525800868084,0.05384651602227777,0.0,0.20000000298023224
cut_detection__shot_length_histogram__p90,cut_detection,2.06,90,False,0.3353935100007476,0.09278102949742574,0.16249999403953552,0.5
cut_detection__shot_length_histogram__std,cut_detection,2.06,110,False,0.17499371284717008,0.06294425283295392,0.05353619530797005,0.33071890473365784
cut_detection__shot_length_p10,cut_detection,2.06,278,False,10.002326250034466,46.97662848210494,0.07500000000000001,740.6799926757812
cut_detection__shot_length_p25,cut_detection,2.06,274,False,12.917309587984754,49.62490694315858,0.1875,740.6799926757812
cut_detection__shot_length_p75,cut_detection,2.06,281,False,30.50395398746457,70.75484297348035,2.0333335399627686,740.6799926757812
cut_detection__shot_length_p90,cut_detection,2.06,283,False,41.36301281594393,83.76391508301681,2.1933335304260253,740.6799926757812
cut_detection__soft_flow_mag__max,cut_detection,2.75,283,False,1.3752067395569856,1.2647541179334387,0.00038449763087555766,6.445206165313721
cut_detection__soft_flow_mag__mean,cut_detection,2.75,283,False,0.15300167878030868,0.16701232511905956,0.00016065771342255175,0.9763453006744385
cut_detection__soft_flow_mag__min,cut_detection,2.75,283,False,0.006858494567077865,0.01479114733613567,5.827127461088821e-05,0.1466377228498459
cut_detection__soft_flow_mag__p50,cut_detection,2.75,283,False,0.06846300746421594,0.09167055849207982,0.0001473812444601208,0.7918404936790466
cut_detection__soft_flow_mag__p90,cut_detection,2.75,283,False,0.4024100730979491,0.5175826738295365,0.00020370868151076138,2.312112808227539
cut_detection__soft_flow_mag__std,cut_detection,2.75,283,False,0.2366358251623391,0.2417052826489047,9.712659448268823e-06,1.0200365781784058
cut_detection__soft_flow_valid_mask__mean,cut_detection,2.75,1,True,1.0,0.0,1.0,1.0
cut_detection__soft_hist_diff_l1__max,cut_detection,2.75,278,False,1.3661094716792868,0.6705784975082071,0.0028753881342709064,2.000000238418579
cut_detection__soft_hist_diff_l1__mean,cut_detection,2.75,283,False,0.3012420551120402,0.21739458589535468,0.0005846399581059813,0.9804144501686096
cut_detection__soft_hist_diff_l1__min,cut_detection,2.75,258,False,0.028625175035180188,0.03522619700953892,0.0,0.3643788695335388
cut_detection__soft_hist_diff_l1__p50,cut_detection,2.75,283,False,0.19993793962591422,0.19349701629402752,0.0,1.073073387145996
cut_detection__soft_hist_diff_l1__p90,cut_detection,2.75,283,False,0.7048128099623383,0.5442648181472258,0.001213971059769392,1.91533625125885
cut_detection__soft_hist_diff_l1__std,cut_detection,2.75,283,False,0.29492233877704566,0.18477064804985394,0.0006688018911518157,0.7748332619667053
cut_detection__soft_hsv_v__max,cut_detection,2.75,283,False,0.6862287755213125,0.18334776478323664,0.01190902478992939,0.9999464750289917
cut_detection__soft_hsv_v__mean,cut_detection,2.75,283,False,0.5112451608013032,0.1597488519367034,0.011899525299668312,0.9938414692878723
cut_detection__soft_hsv_v__min,cut_detection,2.75,250,False,0.31164976259718835,0.24021702439054735,0.0,0.9923360347747803
cut_detection__soft_hsv_v__p50,cut_detection,2.75,283,False,0.5147119699829248,0.1677179271108204,0.011902730911970139,0.9924010634422302
cut_detection__soft_hsv_v__p90,cut_detection,2.75,283,False,0.5933256817540621,0.16213113645435911,0.011908860877156258,0.9960664510726929
cut_detection__soft_hsv_v__std,cut_detection,2.75,283,False,0.07117839742794249,0.06087244446519789,1.1219947737117764e-05,0.3943493962287903
cut_detection__soft_lab_l__max,cut_detection,2.75,283,False,0.6267322582084119,0.1793934792044217,0.009917858056724072,0.9999520778656006
cut_detection__soft_lab_l__mean,cut_detection,2.75,283,False,0.45680965269938795,0.15477554473935848,0.009908497333526611,0.9898013472557068
cut_detection__soft_lab_l__min,cut_detection,2.75,247,False,0.2717655965680157,0.2213920711241018,0.0,0.9882276654243469
cut_detection__soft_lab_l__p50,cut_detection,2.75,283,False,0.4602789189271603,0.16246084211008713,0.009912746027112007,0.9882739782333374
cut_detection__soft_lab_l__p90,cut_detection,2.75,283,False,0.5337024842464618,0.15622722800934638,0.009917679242789745,0.9921448230743408
cut_detection__soft_lab_l__std,cut_detection,2.75,283,False,0.0677201994693532,0.05746811916760379,7.612632998643676e-06,0.40093088150024414
cut_detection__speed_ramp_cuts_count,cut_detection,2.06,3,False,0.8947368421052632,0.7572236754015184,0.0,2.0
cut_detection__ssim_drop__max,cut_detection,2.75,266,False,0.7332455044989301,0.2789478325901849,0.0002783325035125017,1.0
cut_detection__ssim_drop__mean,cut_detection,2.75,283,False,0.3609259584525125,0.19900465897161318,2.3156881070462987e-05,0.8218798041343689
cut_detection__ssim_drop__min,cut_detection,2.75,260,False,0.08147416102351224,0.114099729194958,0.0,0.5118348002433777
cut_detection__ssim_drop__p50,cut_detection,2.75,283,False,0.35752494700464477,0.22469844027241628,0.0,0.8884191513061523
cut_detection__ssim_drop__p90,cut_detection,2.75,283,False,0.5435833145992203,0.25723652772754524,1.2452577720978297e-05,0.9631058573722839
cut_detection__ssim_drop__std,cut_detection,2.75,283,False,0.1468920335352292,0.07376987482666308,7.115359767340124e-05,0.3373394310474396
cut_detection__ssim_valid_mask__mean,cut_detection,2.75,1,True,1.0,0.0,1.0,1.0
cut_detection__threshold_flow__max,cut_detection,2.75,283,False,0.5417346583676542,0.5420939148166217,0.00023044251429382712,2.1101837158203125
cut_detection__threshold_flow__mean,cut_detection,2.75,283,False,0.5417346587747993,0.5420939165767572,0.00023044251429382712,2.1101837158203125
cut_detection__threshold_flow__min,cut_detection,2.75,283,False,0.5417346583676542,0.5420939148166217,0.00023044251429382712,2.1101837158203125
cut_detection__threshold_flow__p50,cut_detection,2.75,283,False,0.5417346583676542,0.5420939148166217,0.00023044251429382712,2.1101837158203125
cut_detection__threshold_flow__p90,cut_detection,2.75,283,False,0.5417346583676542,0.5420939148166217,0.00023044251429382712,2.1101837158203125
cut_detection__threshold_flow__std,cut_detection,2.75,18,False,4.1123918116145335e-08,7.36990198801625e-08,0.0,3.5762786865234375e-07
cut_detection__threshold_hist__max,cut_detection,2.75,283,False,0.5160344855953666,0.353965547596697,0.0008600442670285702,2.039430618286133
cut_detection__threshold_hist__mean,cut_detection,2.75,283,False,0.5160344877788737,0.3539655473789508,0.0008600442670285702,2.0394303798675537
cut_detection__threshold_hist__min,cut_detection,2.75,283,False,0.5160344855953666,0.353965547596697,0.0008600442670285702,2.039430618286133
cut_detection__threshold_hist__p50,cut_detection,2.75,283,False,0.5160344855953666,0.353965547596697,0.0008600442670285702,2.039430618286133
cut_detection__threshold_hist__p90,cut_detection,2.75,283,False,0.5160344855953666,0.353965547596697,0.0008600442670285702,2.039430618286133
cut_detection__threshold_hist__std,cut_detection,2.75,15,False,3.8681150325195525e-08,4.7571596661481686e-08,0.0,2.384185791015625e-07
cut_detection__threshold_ssim__max,cut_detection,2.75,283,False,0.57786299720565,0.2867822114880934,0.0001106088820961304,1.3680150508880615
cut_detection__threshold_ssim__mean,cut_detection,2.75,283,False,0.5778630031464053,0.2867822217954167,0.00011060888937208802,1.368015170097351
cut_detection__threshold_ssim__min,cut_detection,2.75,283,False,0.57786299720565,0.2867822114880934,0.0001106088820961304,1.3680150508880615
cut_detection__threshold_ssim__p50,cut_detection,2.75,283,False,0.57786299720565,0.2867822114880934,0.0001106088820961304,1.3680150508880615
cut_detection__threshold_ssim__p90,cut_detection,2.75,283,False,0.57786299720565,0.2867822114880934,0.0001106088820961304,1.3680150508880615
cut_detection__threshold_ssim__std,cut_detection,2.75,16,False,4.414215502115263e-08,5.04163030544752e-08,0.0,2.384185791015625e-07
cut_detection__times_s__max,cut_detection,2.06,273,False,151.2314829901645,219.85292974565715,3.7666666507720947,875.77490234375
cut_detection__times_s__mean,cut_detection,2.06,278,False,75.61638640228071,109.92625341793371,1.882222294807434,437.8874816894531
cut_detection__times_s__min,cut_detection,2.06,1,True,0.0,0.0,0.0,0.0
cut_detection__times_s__p50,cut_detection,2.06,267,False,75.61646710487834,109.92696516044091,1.8666666746139526,437.9041442871094
cut_detection__times_s__p90,cut_detection,2.06,276,False,136.10912892776622,197.86708554563262,3.3933334350585938,788.2073974609375
cut_detection__times_s__std,cut_detection,2.06,280,False,43.8320536044606,63.65440882294026,1.1665629148483276,253.5978240966797
cut_detection__union_timestamps_sec__max,cut_detection,2.75,271,False,149.4294020169194,217.17162714249045,3.7666666507720947,875.77490234375
cut_detection__union_timestamps_sec__mean,cut_detection,2.75,276,False,74.7153452297824,108.58560649749938,1.882222294807434,437.8874816894531
cut_detection__union_timestamps_sec__min,cut_detection,2.75,1,True,0.0,0.0,0.0,0.0
cut_detection__union_timestamps_sec__p50,cut_detection,2.75,265,False,74.71543174624021,108.58632971263884,1.8666666746139526,437.9041442871094
cut_detection__union_timestamps_sec__p90,cut_detection,2.75,274,False,134.48721906827112,195.45399642284835,3.3933334350585938,788.2073974609375
cut_detection__union_timestamps_sec__std,cut_detection,2.75,278,False,43.3102644256484,62.87809614575655,1.1665629148483276,253.5978240966797
cut_detection__very_long_shots_count,cut_detection,2.06,24,False,2.9859649122807017,4.94047093169604,0.0,34.0
cut_detection__whip_pan_transitions_count,cut_detection,2.06,6,False,0.519298245614035,0.8784266096969467,0.0,5.0
cut_detection__zoom_transition_count,cut_detection,2.06,15,False,4.508771929824562,4.3971934351642465,0.0,14.0
scene_classification__aesthetic_frac_high__max,scene_classification,2.75,1,True,0.0,0.0,0.0,0.0
scene_classification__aesthetic_frac_high__mean,scene_classification,2.75,1,True,0.0,0.0,0.0,0.0
scene_classification__aesthetic_frac_high__min,scene_classification,2.75,1,True,0.0,0.0,0.0,0.0
scene_classification__aesthetic_frac_high__p50,scene_classification,2.75,1,True,0.0,0.0,0.0,0.0
scene_classification__aesthetic_frac_high__p90,scene_classification,2.75,1,True,0.0,0.0,0.0,0.0
scene_classification__aesthetic_frac_high__std,scene_classification,2.75,1,True,0.0,0.0,0.0,0.0
scene_classification__aesthetic_std__max,scene_classification,2.75,1,True,0.0,0.0,0.0,0.0
scene_classification__aesthetic_std__mean,scene_classification,2.75,1,True,0.0,0.0,0.0,0.0
scene_classification__aesthetic_std__min,scene_classification,2.75,1,True,0.0,0.0,0.0,0.0
scene_classification__aesthetic_std__p50,scene_classification,2.75,1,True,0.0,0.0,0.0,0.0
scene_classification__aesthetic_std__p90,scene_classification,2.75,1,True,0.0,0.0,0.0,0.0
scene_classification__aesthetic_std__std,scene_classification,2.75,1,True,0.0,0.0,0.0,0.0
scene_classification__atmosphere_entropy__max,scene_classification,2.75,1,True,0.0,0.0,0.0,0.0
scene_classification__atmosphere_entropy__mean,scene_classification,2.75,1,True,0.0,0.0,0.0,0.0
scene_classification__atmosphere_entropy__min,scene_classification,2.75,1,True,0.0,0.0,0.0,0.0
scene_classification__atmosphere_entropy__p50,scene_classification,2.75,1,True,0.0,0.0,0.0,0.0
scene_classification__atmosphere_entropy__p90,scene_classification,2.75,1,True,0.0,0.0,0.0,0.0
scene_classification__atmosphere_entropy__std,scene_classification,2.75,1,True,0.0,0.0,0.0,0.0
scene_classification__class_entropy_mean__max,scene_classification,2.75,281,False,2.9012269162229023,0.7995106097989881,0.0032645578030496836,5.13367223739624
scene_classification__class_entropy_mean__mean,scene_classification,2.75,283,False,2.359195307691914,0.674777559569085,0.002610923256725073,4.624539852142334
scene_classification__class_entropy_mean__min,scene_classification,2.75,283,False,1.793561212188653,0.8527488475954359,0.001957288943231106,4.384138107299805
scene_classification__class_entropy_mean__p50,scene_classification,2.75,283,False,2.3648583180330327,0.6998270293046894,0.002610923256725073,4.624539852142334
scene_classification__class_entropy_mean__p90,scene_classification,2.75,283,False,2.742459270106826,0.7274312880682229,0.0031338308472186327,4.816861152648926
scene_classification__class_entropy_mean__std,scene_classification,2.75,237,False,0.36660920174063477,0.2937525733308148,0.0,1.4901143312454224
scene_classification__end_frame__max,scene_classification,2.75,146,False,176.8904593639576,110.10136535635847,14.0,322.0
scene_classification__end_frame__mean,scene_classification,2.75,240,False,101.70205298919139,63.01214406498908,13.5,311.0
scene_classification__end_frame__min,scene_classification,2.75,78,False,29.636042402826856,42.38925966133985,0.0,311.0
scene_classification__end_frame__p50,scene_classification,2.75,173,False,101.87809187279152,68.1550574701356,13.5,311.0
scene_classification__end_frame__p90,scene_classification,2.75,245,False,160.57985849009808,100.19088610380746,14.0,318.0
scene_classification__end_frame__std,scene_classification,2.75,227,False,51.104005840557626,37.7416944667122,0.0,145.0
scene_classification__end_time_s__max,scene_classification,2.75,272,False,152.04743541087362,219.87297867673368,3.7666666507720947,875.77490234375
scene_classification__end_time_s__mean,scene_classification,2.75,278,False,85.71590211197682,128.03171650653005,3.741666793823242,740.6799926757812
scene_classification__end_time_s__min,scene_classification,2.75,236,False,22.661024476951088,70.72316293203102,2.0,740.6799926757812
scene_classification__end_time_s__p50,scene_classification,2.75,276,False,85.91712018457824,131.76345471158612,3.741666793823242,740.6799926757812
scene_classification__end_time_s__p90,scene_classification,2.75,279,False,138.3235456707621,201.87375411068112,3.7666666507720947,860.6583251953125
scene_classification__end_time_s__std,scene_classification,2.75,236,False,44.81608626446538,69.8425971934394,0.0,368.64947509765625
scene_classification__fraction_high_confidence_frames__max,scene_classification,2.75,127,False,0.3657951589094561,0.32958246415805686,0.0,1.0
scene_classification__fraction_high_confidence_frames__mean,scene_classification,2.75,227,False,0.15382789233419716,0.18367263252116872,0.0,1.0
scene_classification__fraction_high_confidence_frames__min,scene_classification,2.75,56,False,0.0553364521715224,0.15538750319047517,0.0,1.0
scene_classification__fraction_high_confidence_frames__p50,scene_classification,2.75,139,False,0.12271244932861189,0.19330800477442078,0.0,1.0
scene_classification__fraction_high_confidence_frames__p90,scene_classification,2.75,211,False,0.2851817001795969,0.27834583193153173,0.0,1.0
scene_classification__fraction_high_confidence_frames__std,scene_classification,2.75,207,False,0.11064282866925422,0.11626022848759461,0.0,0.5
scene_classification__frame_entropy__max,scene_classification,2.75,245,False,4.019010649492155,0.8781050304581499,0.007522863801568747,5.273259162902832
scene_classification__frame_entropy__mean,scene_classification,2.75,283,False,2.3508942439368936,0.6838909242753934,0.002665919251739979,4.739811897277832
scene_classification__frame_entropy__min,scene_classification,2.75,283,False,0.754932885186389,0.8533376013322381,9.320409299107268e-05,4.327302932739258
scene_classification__frame_entropy__p50,scene_classification,2.75,283,False,2.3623295261692454,0.7700871551645876,0.0019490383565425873,5.109898567199707
scene_classification__frame_entropy__p90,scene_classification,2.75,283,False,3.195338176017094,0.702798385666676,0.004671648144721985,5.153550148010254
scene_classification__frame_entropy__std,scene_classification,2.75,283,False,0.6968341882467309,0.2994266551507726,0.001645785989239812,1.5785291194915771
scene_classification__frame_scene_embedding__max,scene_classification,2.75,283,False,0.2954139060245386,0.06936558592027035,0.13051678240299225,0.47156286239624023
scene_classification__frame_scene_embedding__mean,scene_classification,2.75,283,False,-0.0006720273013471654,0.0011187459138205212,-0.0036501449067145586,0.002471128711476922
scene_classification__frame_scene_embedding__min,scene_classification,2.75,265,False,-0.6846163033807235,0.09939403954698903,-0.8405457735061646,-0.23086053133010864
scene_classification__frame_scene_embedding__p50,scene_classification,2.75,283,False,0.00012823614158179956,0.0009769969495888647,-0.002359266160055995,0.003253921400755644
scene_classification__frame_scene_embedding__p90,scene_classification,2.75,283,False,0.041535942298574074,0.0034043426704947785,0.03198324888944626,0.05397723615169525
scene_classification__frame_scene_embedding__std,scene_classification,2.75,277,False,0.04417494525178582,2.3168918589319433e-05,0.044043175876140594,0.04419415816664696
scene_classification__frame_scene_id__max,scene_classification,2.75,27,False,6.042402826855124,6.196398852959397,0.0,34.0
scene_classification__frame_scene_id__mean,scene_classification,2.75,235,False,3.1613789588581547,3.288753102417696,0.0,17.884000778198242
scene_classification__frame_scene_id__min,scene_classification,2.75,1,True,0.0,0.0,0.0,0.0
scene_classification__frame_scene_id__p50,scene_classification,2.75,20,False,3.2526501766784452,3.438252438534785,0.0,18.0
scene_classification__frame_scene_id__p90,scene_classification,2.75,30,False,5.5713780962536275,5.700907662506294,0.0,31.0
scene_classification__frame_scene_id__std,scene_classification,2.75,236,False,1.863495729179138,1.8077972257150436,0.0,9.19604778289795
scene_classification__frame_top1_prob__max,scene_classification,2.75,283,False,0.8408750968034192,0.19976120360586447,0.12524588406085968,0.9999934434890747
scene_classification__frame_top1_prob__mean,scene_classification,2.75,283,False,0.4169786022219136,0.14657957170557248,0.0879635438323021,0.9997667074203491
scene_classification__frame_top1_prob__min,scene_classification,2.75,244,False,0.12522955982560824,0.11813401809123353,0.028253713622689247,0.9993236064910889
scene_classification__frame_top1_prob__p50,scene_classification,2.75,283,False,0.39586880123868007,0.1715960194724166,0.03716568648815155,0.9998279809951782
scene_classification__frame_top1_prob__p90,scene_classification,2.75,283,False,0.6564841913882077,0.20137215937963068,0.11685291677713394,0.9999905228614807
scene_classification__frame_top1_prob__std,scene_classification,2.75,283,False,0.1727137877739548,0.06992696231503231,0.00015686958795413375,0.3833071291446686
scene_classification__frame_top1_top2_gap__max,scene_classification,2.75,283,False,0.7985801464835242,0.23975178536270203,0.00945974886417389,0.999988853931427
scene_classification__frame_top1_top2_gap__mean,scene_classification,2.75,283,False,0.27486344563771475,0.15351177746603528,0.00847666896879673,0.9996615052223206
scene_classification__frame_top1_top2_gap__min,scene_classification,2.75,279,False,0.02278277628097433,0.0975458839528509,2.4884939193725586e-06,0.9987663626670837
scene_classification__frame_top1_top2_gap__p50,scene_classification,2.75,283,False,0.23372627689434025,0.18364349839340965,0.007435355335474014,0.9997126460075378
scene_classification__frame_top1_top2_gap__p90,scene_classification,2.75,283,False,0.5604961807099121,0.23698282707066737,0.008702009916305542,0.9999847412109375
scene_classification__frame_top1_top2_gap__std,scene_classification,2.75,283,False,0.20041115160708772,0.08470894266945377,0.00023712108668405563,0.4547381103038788
scene_classification__frame_topk_ids__max,scene_classification,2.75,46,False,348.2650176678445,23.28524352939198,185.0,364.0
scene_classification__frame_topk_ids__mean,scene_classification,2.75,283,False,176.47759459802202,30.532432514107214,65.24117279052734,294.2148132324219
scene_classification__frame_topk_ids__min,scene_classification,2.75,41,False,12.328621908127209,21.899710008325183,0.0,201.0
scene_classification__frame_topk_ids__p50,scene_classification,2.75,115,False,176.6731448763251,50.27907986418978,29.0,310.0
scene_classification__frame_topk_ids__p90,scene_classification,2.75,90,False,306.94699662818505,34.74170998691295,98.0,364.0
scene_classification__frame_topk_ids__std,scene_classification,2.75,283,False,99.11929349596004,14.67082507752542,53.710899353027344,133.95761108398438
scene_classification__frame_topk_probs__max,scene_classification,2.75,283,False,0.8408750968034192,0.19976120360586447,0.12524588406085968,0.9999934434890747
scene_classification__frame_topk_probs__mean,scene_classification,2.75,283,False,0.1453152820467949,0.02534287975290493,0.047322433441877365,0.19998490810394287
scene_classification__frame_topk_probs__min,scene_classification,2.75,283,False,0.007235666497406376,0.010986074453436299,2.778539283099235e-07,0.06334635615348816
scene_classification__frame_topk_probs__p50,scene_classification,2.75,283,False,0.07639935951367927,0.022904494244018313,3.08478920487687e-05,0.1848842352628708
scene_classification__frame_topk_probs__p90,scene_classification,2.75,283,False,0.3984746734213492,0.16670468225288163,0.09035421907901764,0.9998143315315247
scene_classification__frame_topk_probs__std,scene_classification,2.75,283,False,0.16830304729696297,0.06259922774022246,0.020832732319831848,0.3998908996582031
scene_classification__label_stability__max,scene_classification,2.75,106,False,0.8067601556649477,0.23836956120981068,0.11290322244167328,1.0
scene_classification__label_stability__mean,scene_classification,2.75,257,False,0.6030827158594722,0.22479995077182366,0.11245161294937134,1.0
scene_classification__label_stability__min,scene_classification,2.75,152,False,0.4150093793342476,0.27679744605993284,0.0714285746216774,1.0
scene_classification__label_stability__p50,scene_classification,2.75,201,False,0.5946185105733652,0.24280151692774574,0.11245161294937134,1.0
scene_classification__label_stability__p90,scene_classification,2.75,203,False,0.7583406253227497,0.2345129807859486,0.11281289905309677,1.0
scene_classification__label_stability__std,scene_classification,2.75,226,False,0.1347956806289644,0.0979080622130898,0.0,0.3396250605583191
scene_classification__length_frames__max,scene_classification,2.75,113,False,60.4452296819788,49.038843377342054,11.0,250.0
scene_classification__length_frames__mean,scene_classification,2.75,163,False,32.53760540527505,32.49490470315969,7.142857074737549,250.0
scene_classification__length_frames__min,scene_classification,2.75,47,False,17.25441696113074,30.30189013946339,1.0,250.0
scene_classification__length_frames__p50,scene_classification,2.75,85,False,28.48233215547703,32.72515633198887,6.0,250.0
scene_classification__length_frames__p90,scene_classification,2.75,207,False,49.275971746276205,42.5837446974223,10.800000190734863,250.0
scene_classification__length_frames__std,scene_classification,2.75,215,False,15.76716202160495,18.830858669519063,0.0,122.0
scene_classification__length_seconds__max,scene_classification,2.75,270,False,55.02639798477766,101.8301026966172,2.683333396911621,740.6799926757812
scene_classification__length_seconds__mean,scene_classification,2.75,276,False,27.08857436651897,63.79683325467847,2.5416667461395264,740.6799926757812
scene_classification__length_seconds__min,scene_classification,2.75,238,False,12.222600788615196,50.60404866591376,2.0,740.6799926757812
scene_classification__length_seconds__p50,scene_classification,2.75,270,False,22.800995349041564,61.23425663281466,2.2666664123535156,740.6799926757812
scene_classification__length_seconds__p90,scene_classification,2.75,279,False,43.63358962325241,87.85960165254731,2.6549999713897705,740.6799926757812
scene_classification__length_seconds__std,scene_classification,2.75,234,False,15.467993264537396,32.688408320484015,0.0,224.50538635253906
scene_classification__mean_aesthetic_score__max,scene_classification,2.75,1,True,0.0,0.0,0.0,0.0
scene_classification__mean_aesthetic_score__mean,scene_classification,2.75,1,True,0.0,0.0,0.0,0.0
scene_classification__mean_aesthetic_score__min,scene_classification,2.75,1,True,0.0,0.0,0.0,0.0
scene_classification__mean_aesthetic_score__p50,scene_classification,2.75,1,True,0.0,0.0,0.0,0.0
scene_classification__mean_aesthetic_score__p90,scene_classification,2.75,1,True,0.0,0.0,0.0,0.0
scene_classification__mean_aesthetic_score__std,scene_classification,2.75,1,True,0.0,0.0,0.0,0.0
scene_classification__mean_cozy__max,scene_classification,2.75,1,True,0.0,0.0,0.0,0.0
scene_classification__mean_cozy__mean,scene_classification,2.75,1,True,0.0,0.0,0.0,0.0
scene_classification__mean_cozy__min,scene_classification,2.75,1,True,0.0,0.0,0.0,0.0
scene_classification__mean_cozy__p50,scene_classification,2.75,1,True,0.0,0.0,0.0,0.0
scene_classification__mean_cozy__p90,scene_classification,2.75,1,True,0.0,0.0,0.0,0.0
scene_classification__mean_cozy__std,scene_classification,2.75,1,True,0.0,0.0,0.0,0.0
scene_classification__mean_epic__max,scene_classification,2.75,1,True,0.0,0.0,0.0,0.0
scene_classification__mean_epic__mean,scene_classification,2.75,1,True,0.0,0.0,0.0,0.0
scene_classification__mean_epic__min,scene_classification,2.75,1,True,0.0,0.0,0.0,0.0
scene_classification__mean_epic__p50,scene_classification,2.75,1,True,0.0,0.0,0.0,0.0
scene_classification__mean_epic__p90,scene_classification,2.75,1,True,0.0,0.0,0.0,0.0
scene_classification__mean_epic__std,scene_classification,2.75,1,True,0.0,0.0,0.0,0.0
scene_classification__mean_luxury_score__max,scene_classification,2.75,1,True,0.0,0.0,0.0,0.0
scene_classification__mean_luxury_score__mean,scene_classification,2.75,1,True,0.0,0.0,0.0,0.0
scene_classification__mean_luxury_score__min,scene_classification,2.75,1,True,0.0,0.0,0.0,0.0
scene_classification__mean_luxury_score__p50,scene_classification,2.75,1,True,0.0,0.0,0.0,0.0
scene_classification__mean_luxury_score__p90,scene_classification,2.75,1,True,0.0,0.0,0.0,0.0
scene_classification__mean_luxury_score__std,scene_classification,2.75,1,True,0.0,0.0,0.0,0.0
scene_classification__mean_neutral__max,scene_classification,2.75,1,True,0.0,0.0,0.0,0.0
scene_classification__mean_neutral__mean,scene_classification,2.75,1,True,0.0,0.0,0.0,0.0
scene_classification__mean_neutral__min,scene_classification,2.75,1,True,0.0,0.0,0.0,0.0
scene_classification__mean_neutral__p50,scene_classification,2.75,1,True,0.0,0.0,0.0,0.0
scene_classification__mean_neutral__p90,scene_classification,2.75,1,True,0.0,0.0,0.0,0.0
scene_classification__mean_neutral__std,scene_classification,2.75,1,True,0.0,0.0,0.0,0.0
scene_classification__mean_scary__max,scene_classification,2.75,1,True,0.0,0.0,0.0,0.0
scene_classification__mean_scary__mean,scene_classification,2.75,1,True,0.0,0.0,0.0,0.0
scene_classification__mean_scary__min,scene_classification,2.75,1,True,0.0,0.0,0.0,0.0
scene_classification__mean_scary__p50,scene_classification,2.75,1,True,0.0,0.0,0.0,0.0
scene_classification__mean_scary__p90,scene_classification,2.75,1,True,0.0,0.0,0.0,0.0
scene_classification__mean_scary__std,scene_classification,2.75,1,True,0.0,0.0,0.0,0.0
scene_classification__mean_score__max,scene_classification,2.75,283,False,0.5574562721244016,0.20093037458386684,0.09488105773925781,0.9998347759246826
scene_classification__mean_score__mean,scene_classification,2.75,283,False,0.41706551179658397,0.143124826106598,0.09048310667276382,0.9997721910476685
scene_classification__mean_score__min,scene_classification,2.75,281,False,0.3053582257890659,0.15384090851984283,0.03928862884640694,0.9997096657752991
scene_classification__mean_score__p50,scene_classification,2.75,283,False,0.4101655474294622,0.14986148550006398,0.09048310667276382,0.9997721910476685
scene_classification__mean_score__p90,scene_classification,2.75,283,False,0.512485251330866,0.17768057440615795,0.09400146454572678,0.9998222589492798
scene_classification__mean_score__std,scene_classification,2.75,237,False,0.0839498758780313,0.06735949097307706,0.0,0.3081933557987213
scene_classification__min_scene_seconds,scene_classification,2.75,1,True,2.0,0.0,2.0,2.0
scene_classification__scene_change_score__max,scene_classification,2.75,283,False,0.19467339157247168,0.08496358322215816,0.00015219116176012903,0.3846313953399658
scene_classification__scene_change_score__mean,scene_classification,2.75,283,False,0.13559653124188495,0.061088725399572066,0.00010966266563627869,0.3846313953399658
scene_classification__scene_change_score__min,scene_classification,2.75,281,False,0.08132975343482297,0.0644989564878472,0.0,0.3846313953399658
scene_classification__scene_change_score__p50,scene_classification,2.75,283,False,0.13469629968335298,0.06347197332555553,1.8623190044309013e-05,0.3846313953399658
scene_classification__scene_change_score__p90,scene_classification,2.75,283,False,0.177181184075412,0.0753171671259849,0.00015055756375659257,0.3846313953399658
scene_classification__scene_change_score__std,scene_classification,2.75,237,False,0.03711777159595239,0.026862034516938197,0.0,0.10407162457704544
scene_classification__start_frame__max,scene_classification,2.75,150,False,139.85159010600708,109.08334647396481,0.0,316.0
scene_classification__start_frame__mean,scene_classification,2.75,214,False,67.89901003483749,53.6503984341751,0.0,189.11111450195312
scene_classification__start_frame__min,scene_classification,2.75,1,True,0.0,0.0,0.0,0.0
scene_classification__start_frame__p50,scene_classification,2.75,165,False,65.92402826855124,56.41505308799402,0.0,219.0
scene_classification__start_frame__p90,scene_classification,2.75,213,False,125.08197869513144,98.1368821980016,0.0,302.0
scene_classification__start_frame__std,scene_classification,2.75,221,False,48.594653793442795,37.145356907548084,0.0,126.76627349853516
scene_classification__start_time_s__max,scene_classification,2.75,234,False,122.90076051836722,193.08417397935102,0.0,856.7225341796875
scene_classification__start_time_s__mean,scene_classification,2.75,235,False,58.627327451015105,91.10605783360569,0.0,419.1075744628906
scene_classification__start_time_s__min,scene_classification,2.75,1,True,0.0,0.0,0.0,0.0
scene_classification__start_time_s__p50,scene_classification,2.75,229,False,56.33983927944102,90.00728432623502,0.0,496.1123046875
scene_classification__start_time_s__p90,scene_classification,2.75,235,False,109.46046945905518,171.64876850860475,0.0,774.6004638671875
scene_classification__start_time_s__std,scene_classification,2.75,235,False,42.865878374753486,68.26198329175064,0.0,343.31170654296875
scene_classification__times_s__max,scene_classification,2.75,272,False,152.04743541087362,219.87297867673368,3.7666666507720947,875.77490234375
scene_classification__times_s__mean,scene_classification,2.75,277,False,76.00886104595534,109.90758429155619,1.882222294807434,437.887451171875
scene_classification__times_s__min,scene_classification,2.75,1,True,0.0,0.0,0.0,0.0
scene_classification__times_s__p50,scene_classification,2.75,266,False,76.00816684434776,109.91215201931995,1.8666666746139526,437.887451171875
scene_classification__times_s__p90,scene_classification,2.75,275,False,136.84039446743134,197.8880310563426,3.3933334350585938,789.02490234375
scene_classification__times_s__std,scene_classification,2.75,279,False,44.09308996133164,63.70627787309792,1.1665629148483276,253.81564331054688
scene_classification__top1_prob_mean__max,scene_classification,2.75,283,False,0.5574562721244016,0.20093037458386684,0.09488105773925781,0.9998347759246826
scene_classification__top1_prob_mean__mean,scene_classification,2.75,283,False,0.41706551179658397,0.143124826106598,0.09048310667276382,0.9997721910476685
scene_classification__top1_prob_mean__min,scene_classification,2.75,281,False,0.3053582257890659,0.15384090851984283,0.03928862884640694,0.9997096657752991
scene_classification__top1_prob_mean__p50,scene_classification,2.75,283,False,0.4101655474294622,0.14986148550006398,0.09048310667276382,0.9997721910476685
scene_classification__top1_prob_mean__p90,scene_classification,2.75,283,False,0.512485251330866,0.17768057440615795,0.09400146454572678,0.9998222589492798
scene_classification__top1_prob_mean__std,scene_classification,2.75,237,False,0.0839498758780313,0.06735949097307706,0.0,0.3081933557987213
scene_classification__top1_vs_top2_gap_mean__max,scene_classification,2.75,283,False,0.43797269518167936,0.2330562577148128,0.00848647952079773,0.9997631311416626
scene_classification__top1_vs_top2_gap_mean__mean,scene_classification,2.75,283,False,0.27528087266921575,0.14983841946340398,0.00848647952079773,0.9996699094772339
scene_classification__top1_vs_top2_gap_mean__min,scene_classification,2.75,281,False,0.16211749984004103,0.151886970760762,0.00260794535279274,0.9995766878128052
scene_classification__top1_vs_top2_gap_mean__p50,scene_classification,2.75,283,False,0.26261348863109263,0.15573195605369167,0.00848647952079773,0.9996699094772339
scene_classification__top1_vs_top2_gap_mean__p90,scene_classification,2.75,283,False,0.38010905935781164,0.19747924433612143,0.00848647952079773,0.9997444748878479
scene_classification__top1_vs_top2_gap_mean__std,scene_classification,2.75,237,False,0.09140181303686173,0.0777772659586063,0.0,0.3661213219165802
uniqueness__cos_dist_next_mean,uniqueness,1.72,286,False,0.09638449269868148,0.06608715099994926,3.3974647521972656e-06,0.33828914165496826
uniqueness__cos_dist_next_p95,uniqueness,1.72,286,False,0.2373076693932114,0.1467016051902948,1.55717134475708e-05,0.6292648911476135
uniqueness__diversity_score,uniqueness,1.72,286,False,0.20499974051555553,0.10586410006423219,1.5616416931152344e-05,0.4430187940597534
uniqueness__effective_unique_frames,uniqueness,1.72,69,False,21.36013986013986,20.506559121361985,0.0,106.0
uniqueness__effective_unique_ratio,uniqueness,1.72,159,False,0.21669386137420169,0.16879218403149526,0.0,0.8833333253860474
uniqueness__max_frames,uniqueness,1.72,1,True,200.0,0.0,200.0,200.0
uniqueness__max_sim_to_other_mean,uniqueness,1.72,286,False,0.9527395601039166,0.031099330977644196,0.8230467438697815,0.9999986886978149
uniqueness__max_sim_to_other_p95,uniqueness,1.72,277,False,0.9862340905449607,0.013512801887348486,0.9094716906547546,1.0000004768371582
uniqueness__n_frames,uniqueness,1.72,53,False,91.86363636363636,40.14044125222647,15.0,120.0
uniqueness__pairwise_sim_mean,uniqueness,1.72,286,False,0.7950002594844444,0.10586410006423219,0.5569812059402466,0.9999843835830688
uniqueness__pairwise_sim_p95,uniqueness,1.72,286,False,0.9286344643239375,0.05380488557225433,0.7462082505226135,1.0
uniqueness__repeat_threshold_bins,uniqueness,1.72,1,True,128.0,0.0,128.0,128.0
uniqueness__repeat_threshold_is_otsu,uniqueness,1.72,1,True,1.0,0.0,1.0,1.0
uniqueness__repeat_threshold_max,uniqueness,1.72,1,True,0.9900000095367432,0.0,0.9900000095367432,0.9900000095367432
uniqueness__repeat_threshold_min,uniqueness,1.72,1,True,0.8999999761581421,0.0,0.8999999761581421,0.8999999761581421
uniqueness__repeat_threshold_quality,uniqueness,1.72,271,False,0.6627223734463845,0.17434170971880789,0.0,1.0
uniqueness__repeat_threshold_raw,uniqueness,1.72,41,False,0.9073951060955341,0.07828298656549541,0.34765625,0.98828125
uniqueness__repeat_threshold_used,uniqueness,1.72,14,False,0.9294886305615618,0.02916489563952095,0.8999999761581421,0.98828125
uniqueness__repetition_ratio,uniqueness,1.72,159,False,0.7833061408694391,0.1687921821883956,0.11666666716337204,1.0
uniqueness__temporal_change_mean,uniqueness,1.72,286,False,0.1581600338696561,0.12464528012290665,8.572267688577995e-06,0.619995653629303
video_pacing__brightness_change_rate,video_pacing,15.12,247,False,23.077382495804024,24.106017792411926,0.002917090430855751,149.6343536376953
video_pacing__climax_speed,video_pacing,27.15,173,False,10.785329173196036,20.478420190387585,0.0,184.11666870117188
video_pacing__color_change_rate_mean,video_pacing,15.12,247,False,26.830858018739445,21.96470215506162,0.01479416899383068,99.30614471435547
video_pacing__color_change_rate_std,video_pacing,15.12,247,False,16.30590936229357,13.796084888405847,0.04771805927157402,77.02547454833984
video_pacing__cut_density_map_8bins_0,video_pacing,15.12,153,False,0.12843440416898683,0.20824311472219226,0.0,1.0714285373687744
video_pacing__cut_density_map_8bins_1,video_pacing,15.12,148,False,0.11537785856392581,0.17301457287330368,0.0,0.9600000381469727
video_pacing__cut_density_map_8bins_2,video_pacing,15.12,140,False,0.13375979445889774,0.2191811936335127,0.0,1.0526316165924072
video_pacing__cut_density_map_8bins_3,video_pacing,15.12,141,False,0.11443231662411077,0.1843637284397328,0.0,0.956937849521637
video_pacing__cut_density_map_8bins_4,video_pacing,15.12,128,False,0.11658111379033158,0.20781587919285302,0.0,1.0714285373687744
video_pacing__cut_density_map_8bins_5,video_pacing,15.12,143,False,0.12756771552810062,0.21047579652823528,0.0,0.9869922399520874
video_pacing__cut_density_map_8bins_6,video_pacing,15.12,121,False,0.08721399135314502,0.16532757422563724,0.0,0.9876542687416077
video_pacing__cut_density_map_8bins_7,video_pacing,15.12,239,False,0.3612505007301446,0.3787256148270868,0.010058322921395302,2.03389835357666
video_pacing__cuts_per_10s,video_pacing,15.12,242,False,1.4807721180615094,1.182748617067774,0.013501106761395931,5.72519063949585
video_pacing__cuts_per_10s_max,video_pacing,15.12,5,False,0.22631579414311692,0.10780416364523938,0.10000000149011612,0.5
video_pacing__cuts_per_10s_median,video_pacing,15.12,10,False,0.12449392974979964,0.11224450447277104,0.0,0.5
video_pacing__cuts_variance,video_pacing,15.12,247,False,2320.073330271582,10693.21248625289,0.5791358947753906,137151.71875
video_pacing__frame_embedding_diff_mean,video_pacing,15.12,247,False,0.16008972424238846,0.1219237789485537,8.02661270427052e-06,0.5752953290939331
video_pacing__frame_embedding_diff_std,video_pacing,15.12,247,False,0.06655707709396223,0.05257468838946704,1.4158056728774682e-05,0.26735469698905945
video_pacing__high_change_frames_ratio,video_pacing,15.12,30,False,0.252754147356821,0.003956896626907962,0.24137930572032928,0.2666666805744171
video_pacing__intro_speed,video_pacing,15.12,223,False,23.98205846475686,74.17865945648695,0.25,740.6799926757812
video_pacing__luminance_spikes_per_minute,video_pacing,15.12,237,False,12.485120345253934,14.798788533915392,0.0,86.33094024658203
video_pacing__main_speed,video_pacing,15.12,238,False,21.449400837122187,44.139824486543255,0.0,419.1041259765625
video_pacing__mean_motion_speed_per_shot,video_pacing,15.12,247,False,0.16178400460090997,0.16650099248521924,0.00016160542145371437,0.9244323968887329
video_pacing__motion_shot_corr,video_pacing,15.12,242,False,0.18752428338187088,0.4515700060212047,-0.5099213123321533,1.0
video_pacing__motion_speed_90perc,video_pacing,15.12,247,False,0.3675877903671775,0.3754789608826165,0.0001831339905038476,1.769608736038208
video_pacing__motion_speed_median,video_pacing,15.12,247,False,0.10584909813728387,0.12454843121716108,0.0001572144974488765,0.8347196578979492
video_pacing__motion_speed_variance,video_pacing,15.12,247,False,0.048438107294953237,0.07757959765237664,6.845941036281999e-10,0.47307974100112915
video_pacing__pacing_symmetry,video_pacing,27.15,212,False,-0.4566600316272443,1.9169680547072274,-17.98602294921875,8.877778053283691
video_pacing__quick_cut_burst_count,video_pacing,15.12,1,True,0.0,0.0,0.0,0.0
video_pacing__saturation_change_rate,video_pacing,15.12,247,False,23.53959036700669,23.544598336761524,0.018866796046495438,157.04978942871094
video_pacing__scene_embedding_jumps,video_pacing,15.12,12,False,3.757085020242915,2.4273384510934624,0.0,11.0
video_pacing__share_of_high_motion_frames,video_pacing,15.12,28,False,0.2514321640556158,0.00389339407030826,0.24242424964904785,0.2666666805744171
video_pacing__share_of_high_motion_shots,video_pacing,15.12,19,False,0.2735391963831326,0.053862447784818204,0.20000000298023224,0.5
video_pacing__short_shot_fraction,video_pacing,15.12,31,False,0.17344206712597054,0.1303524033802695,0.02777777798473835,0.6666666865348816
video_pacing__shot_duration_max,video_pacing,15.12,244,False,62.074995017727375,106.9339015264887,2.3000001907348633,740.6799926757812
video_pacing__shot_duration_mean,video_pacing,15.12,244,False,22.203061878922497,42.1217218693992,1.4555555582046509,370.3399963378906
video_pacing__shot_duration_mean_normalized,video_pacing,15.12,55,False,0.15936841785545774,0.10616641344690171,0.0277777761220932,0.5
video_pacing__shot_duration_median,video_pacing,15.12,232,False,15.55645698598522,34.811775032458826,0.25,370.3399963378906
video_pacing__shot_duration_min,video_pacing,15.12,1,True,0.0,0.0,0.0,0.0
video_pacing__shot_duration_std,video_pacing,15.12,247,False,21.64539515730823,43.117012450734336,0.7610098123550415,370.3399963378906
video_pacing__shots_count,video_pacing,15.12,27,False,9.663967611336032,6.4085528824943925,2.0,36.0
video_pacing__video_length_seconds,video_pacing,15.12,240,False,173.0734778801922,227.08804793049305,7.4666666984558105,875.77490234375
