video,status,npz_files,total_wall_s,gpu_util_max,gpu_util_mean,gpu_util_p95,gpu_mem_peak_mib,gpu_mem_mean_mib,gpu_samples
--jz7k19d90,complete,8,276.8,41.0,0.3,0.0,2891.0,2536.7,261
-08QxGsXkx8,complete,8,257.5,100.0,2.5,10.0,3262.0,2583.6,242
-0CTdPrK_M4,complete,8,221.6,100.0,0.5,0.0,2891.0,2535.8,210
-0g23pjxC7Y,complete,8,207.9,100.0,1.7,4.0,3633.0,2572.3,196
-2TYpP_XcuE,complete,8,368.5,100.0,3.1,11.0,4004.0,2692.8,341
-4ZTWkO09n4,complete,8,470.1,100.0,0.6,0.0,2891.0,2532.7,441
-5EYUqIlyJU,complete,8,245.3,93.0,3.1,20.0,3262.0,2601.8,231
-5uh-3Yg8Wc,complete,8,219.0,33.0,0.4,0.0,4004.0,2600.6,205
-63tdE9tJD0,complete,8,211.8,100.0,2.3,6.0,4004.0,2629.1,195
-6PQjD6-YUA,complete,8,258.1,100.0,1.0,2.0,3262.0,2587.0,243
-77_MfZmLkg,complete,8,357.9,100.0,2.6,11.0,3262.0,2661.2,337
-9tUZUb5Z8Q,complete,8,330.9,100.0,1.3,0.0,2891.0,2535.0,312
-APhlw9d2KY,complete,8,306.7,100.0,1.5,0.0,2891.0,2536.4,289
-AssN_bljFU,complete,8,328.5,100.0,2.6,14.0,3262.0,2643.3,308
-FWurSsJgDU,complete,8,251.0,100.0,1.7,6.0,2891.0,2554.2,237
-Fc_pLLOEjg,complete,8,231.3,43.0,1.1,5.0,3262.0,2595.2,218
-GfgpQJihW4,complete,8,203.7,100.0,3.7,17.0,2891.0,2626.2,192
-IH8kA5ItfI,complete,8,425.9,51.0,0.5,2.0,2891.0,2542.6,399
-II5SMlQ4tE,complete,8,283.7,100.0,3.1,11.0,2908.0,2562.2,267
-J-XPik4yoA,complete,8,221.4,33.0,0.4,0.0,4004.0,2599.8,207
-M5Z85LjiF8,complete,8,285.4,100.0,2.0,10.0,3633.0,2666.4,267
-MQLv2xgg0s,complete,8,353.1,100.0,2.3,5.0,3633.0,2661.2,332
-NXcTEiJV8k,complete,8,216.1,100.0,2.1,9.0,3262.0,2562.9,204
-NqaupGcCpw,complete,8,424.4,99.0,2.2,11.0,3262.0,2639.1,398
-QD-kI9gFA8,complete,8,317.3,100.0,1.5,5.0,3262.0,2594.3,298
-TYL3ldGOfQ,complete,8,306.3,100.0,2.1,6.0,2891.0,2569.5,289
-TeavsAK6mI,complete,8,228.1,100.0,1.5,2.0,3262.0,2591.1,215
-W9ljmikeLw,complete,8,354.2,100.0,3.7,12.0,3262.0,2648.6,332
-YKOt-2SEn0,complete,8,443.9,100.0,1.7,3.0,2891.0,2606.3,416
-YMX6CNNugE,complete,8,424.0,100.0,1.6,2.0,2931.0,2549.7,397
-YlmnPh-6rE,complete,8,365.5,100.0,4.1,19.0,2891.0,2646.1,343
-ZGhYcYm5ec,complete,8,390.2,100.0,1.5,5.0,3262.0,2618.5,363
-aOalxYcqaA,complete,8,482.9,100.0,2.7,11.0,4004.0,2704.6,450
-b6R90tTyr4,complete,8,433.7,100.0,1.0,2.0,3585.0,2550.9,407
-bzI7MYSpr0,complete,8,220.7,33.0,0.5,1.0,4004.0,2604.7,207
-cxTY3sU_xE,complete,8,333.4,100.0,3.4,12.0,3262.0,2629.9,313
-eNLeC6HLtc,complete,8,299.8,55.0,1.8,7.0,2891.0,2614.2,281
-g2QIxq_I7c,complete,8,359.9,100.0,3.1,11.0,4004.0,2695.4,335
-iWj8O5ZF5U,complete,8,402.3,100.0,3.4,14.0,3262.0,2594.1,375
-jdMxlDMKf8,complete,8,214.8,100.0,2.6,4.0,2891.0,2618.3,203
-k2l-WmETXE,complete,8,180.8,47.0,2.0,17.0,3262.0,2577.3,170
-kEb_4XKveA,complete,8,358.5,100.0,1.9,6.0,2891.0,2572.4,335
-kdFJopjS_g,complete,7,204.2,100.0,5.2,49.0,2844.0,2439.5,193
-kzwS6fFWy8,complete,8,358.6,99.0,3.3,20.0,3262.0,2669.4,338
-l4TnuEXQ8s,complete,8,349.0,100.0,3.4,18.0,3262.0,2655.6,329
-lh8BrWhWwE,complete,8,231.8,40.0,1.2,5.0,3262.0,2638.9,219
-qvftMupYJA,complete,8,279.6,93.0,2.0,7.0,3633.0,2664.0,261
-rpj5acpLKw,complete,8,211.7,100.0,2.3,6.0,4004.0,2627.7,195
-sttFwxZPSo,complete,8,235.3,30.0,0.7,4.0,3262.0,2663.5,220
-t1WA7trelE,complete,8,241.3,25.0,1.2,7.0,3262.0,2625.4,226
-tIL1T5l_2g,complete,7,167.4,59.0,2.3,19.0,2637.0,2439.1,159
-thtfK5M6iQ,complete,8,239.5,55.0,1.6,7.0,3262.0,2631.6,225
-u-devGZao0,complete,8,446.8,100.0,3.1,11.0,3058.0,2587.5,418
-wPo7JowOLk,complete,8,207.3,100.0,1.7,4.0,3633.0,2572.3,196
-we93SKsG8M,complete,8,387.5,100.0,2.0,10.0,3633.0,2653.0,362
-xQoLhhSquo,complete,8,339.2,55.0,1.6,5.0,2891.0,2629.6,319
-z4lSj-YhKs,complete,8,245.0,99.0,3.2,12.0,3262.0,2546.2,231
00RlGST0Ff4,complete,8,403.9,100.0,2.2,8.0,3262.0,2630.2,381
00qaoE0f7A4,complete,8,225.1,100.0,2.1,2.0,3196.0,2561.7,212
00sKG5-YxQE,complete,8,387.2,100.0,2.3,7.0,3262.0,2629.1,360
01I9321tRt4,complete,8,375.7,83.0,1.9,9.0,3262.0,2612.4,352
02IXwHr2m3Y,complete,8,241.1,100.0,1.3,3.0,3262.0,2615.9,227
02k8vRi5f_I,complete,8,413.6,100.0,3.3,20.0,3262.0,2622.2,387
02wjT-r-pZo,complete,8,361.9,100.0,2.0,8.0,3262.0,2609.1,341
03H10CkU5ZU,complete,8,207.8,100.0,2.4,8.0,3567.0,2564.6,196
04_4Bvo_pc8,complete,8,185.5,58.0,0.6,2.0,3262.0,2605.1,175
0588rgW8C1I,complete,8,311.4,100.0,2.2,6.0,3633.0,2679.2,294
05deYJMn-c8,complete,8,451.7,100.0,2.5,11.0,3262.0,2656.9,424
07D7us_BVOI,complete,8,194.1,69.0,1.4,4.0,3262.0,2566.9,184
07DxM0oGCcA,complete,8,231.9,98.0,1.3,4.0,3262.0,2683.8,218
08Est7Hr1y8,complete,4,333.6,100.0,4.9,43.0,2685.0,2482.4,316
08iyuAvvBNM,complete,8,369.1,100.0,2.3,8.0,3262.0,2638.4,347
0CEoGe5F-E8,complete,8,326.7,100.0,8.4,52.0,3203.0,2526.8,294
0CNnfqNXcgo,complete,8,213.9,89.0,1.2,2.0,2891.0,2566.6,202
0Fr90M6EAxM,complete,8,428.5,100.0,2.0,10.0,3262.0,2609.4,402
0GYT0WA7xZA,complete,8,386.9,69.0,2.0,7.0,3633.0,2643.3,363
0HMjTxKRbaI,complete,8,403.2,100.0,1.9,4.0,2891.0,2592.0,378
0OAcp3YzwsI,complete,8,344.2,100.0,1.6,7.0,2891.0,2561.0,321
0PuU2EX4Gl4,complete,8,210.0,100.0,11.3,70.0,2944.0,2501.5,195
0RPjp-iPwMM,complete,8,230.9,77.0,1.8,4.0,3078.0,2600.9,217
0ST9B9h26No,complete,8,282.8,100.0,1.8,5.0,3262.0,2592.7,267
0Uy1t5gvZtM,complete,8,253.3,100.0,1.2,4.0,3262.0,2589.0,238
0WXuzh00FkY,complete,8,374.3,100.0,3.1,15.0,4004.0,2672.5,348
0X1trN5lpzM,complete,8,204.8,100.0,1.4,2.0,2891.0,2587.0,194
0XIOjxj7idg,complete,8,331.8,100.0,2.6,13.0,3262.0,2643.1,311
0XXf7v9a9CI,complete,8,451.6,100.0,2.5,11.0,3262.0,2653.0,423
0XYGBaCjVEI,complete,8,360.4,100.0,2.0,5.0,3262.0,2601.9,338
0XiIl2etCLE,complete,8,215.9,100.0,3.1,16.0,2944.0,2468.7,208
0XtnytVqLis,complete,8,183.9,100.0,2.4,5.0,3262.0,2592.1,173
0Y9fLzIJDPg,complete,8,188.3,69.0,0.8,2.0,3573.0,2603.4,178
0_fO2P3OT8M,complete,8,368.8,100.0,3.5,19.0,3262.0,2629.6,346
0bEARiNcAbI,complete,8,360.1,100.0,2.9,11.0,3262.0,2641.5,338
0bE_AAQUyc8,complete,8,222.9,55.0,1.5,6.0,3262.0,2674.0,210
0bQtsryTIRU,complete,8,314.2,100.0,2.7,6.0,2891.0,2617.7,295
0bTIkfbpmQY,complete,8,405.6,99.0,2.3,11.0,3262.0,2657.6,381
0ca60TrvcS8,complete,8,233.5,36.0,1.5,4.0,3262.0,2635.7,220
0d2cGxvgu1g,complete,8,209.4,0.0,0.0,0.0,2891.0,2533.0,197
0df0TNo6OhM,complete,8,375.9,100.0,3.9,16.0,2891.0,2648.8,353
0eqnKQL_SNU,complete,8,214.6,100.0,2.4,7.0,3262.0,2580.1,203
0fFoBxfChcM,complete,8,329.6,100.0,1.8,6.0,2891.0,2537.4,310
0gZz7lRKudI,complete,8,358.9,99.0,2.4,11.0,3262.0,2675.1,337
0msz5pepdpU,complete,8,305.2,100.0,1.9,5.0,3633.0,2637.1,288
0n47msSQllA,complete,10,352.1,100.0,6.7,46.0,2944.0,2498.7,327
0nZTxW_BQ8I,complete,8,332.6,100.0,3.6,11.0,2891.0,2656.9,313
0o-n-cGCSiw,complete,8,242.6,83.0,2.3,13.0,2891.0,2571.1,229
0oRDBB6jzqg,complete,8,339.7,83.0,1.9,5.0,3262.0,2632.4,320
0qUdwhysEC8,complete,8,403.7,100.0,1.0,4.0,3633.0,2569.1,371
0s9tdW5IJqA,complete,8,193.4,39.0,0.9,3.0,3262.0,2618.4,182
0sSIGip0d0A,complete,8,300.2,94.0,1.9,6.0,3262.0,2595.4,282
0tJ8Sq3rphs,complete,8,499.7,100.0,2.5,11.0,2891.0,2633.3,469
0tKx76T7jUs,complete,8,190.8,100.0,1.6,6.0,3262.0,2602.0,180
0tqu3WxyvyQ,complete,8,326.4,69.0,1.1,4.0,3573.0,2609.0,307
0vUdZSsjYjs,complete,8,387.9,100.0,3.1,14.0,4004.0,2666.3,360
0vcsbWDTMgc,complete,8,328.5,100.0,1.8,3.0,2891.0,2559.4,308
0w8kmm4sfxA,complete,8,434.7,100.0,3.2,11.0,2891.0,2558.6,406
11IlwAisytw,complete,8,290.5,100.0,4.4,22.0,2794.0,2500.5,266
12nOQvkg8pg,complete,8,195.7,100.0,2.0,8.0,2891.0,2577.8,184
13OFRLVNRSI,complete,8,186.6,33.0,0.4,0.0,2891.0,2558.8,177
13a8nlGnqMg,complete,8,390.5,100.0,2.4,4.0,3262.0,2630.9,369
13pz52piBj0,complete,8,331.0,2.0,0.1,0.0,2891.0,2553.0,284
152TaRDJK4Y,complete,8,368.3,100.0,2.7,11.0,3262.0,2660.2,347
15kHmaNg0Q0,complete,8,396.9,100.0,2.0,8.0,3262.0,2627.7,374
16ZSlAvqHwI,complete,8,234.3,42.0,0.6,2.0,3262.0,2586.0,219
1747hHTc5Vk,complete,8,387.8,100.0,2.8,11.0,2891.0,2635.3,365
17Q-XUBmN4w,complete,8,316.0,100.0,8.1,49.0,2944.0,2509.5,286
19STGsPShVE,complete,8,190.0,62.0,1.7,11.0,2891.0,2596.9,179
19oAhqUr2YI,complete,8,311.0,100.0,2.9,6.0,2891.0,2635.3,292
1A13RqYrUxk,complete,8,212.9,100.0,1.4,3.0,2891.0,2587.2,201
1AIyE-YLwDA,complete,8,244.8,83.0,2.1,4.0,3262.0,2624.7,231
1Bguvx-s8Rc,complete,8,212.4,100.0,2.8,11.0,2891.0,2551.4,201
1DBYSwsXurA,complete,8,373.9,100.0,3.0,14.0,4004.0,2672.3,348
1FY0v0UAOmo,complete,8,402.8,87.0,2.2,11.0,3262.0,2610.2,379
1GJa-j4zTgo,complete,8,313.5,100.0,1.3,3.0,3262.0,2601.7,295
1Gk5UGjtnMU,complete,8,462.6,100.0,2.8,9.0,3262.0,2616.8,434
1HMbcoVE4ss,complete,8,418.9,100.0,1.2,2.0,2891.0,2551.8,391
1LHR5pgDBQU,complete,8,396.9,95.0,2.8,11.0,3262.0,2633.9,372
1LlZ6Y_IRMU,complete,8,420.8,100.0,1.4,5.0,3262.0,2607.2,394
1MxqvJIcwiY,complete,8,462.0,100.0,6.2,49.0,2944.0,2505.7,419
1N4y8-Atv4U,complete,8,384.0,55.0,1.7,6.0,3262.0,2617.6,361
1O5alMKzqFQ,complete,8,821.1,2.0,1.0,2.0,3462.0,3462.0,6
1QUK9yDCfqI,complete,8,236.4,100.0,4.0,20.0,2891.0,2635.9,223
1QYO9ALDSeA,complete,8,369.4,100.0,2.0,5.0,3633.0,2624.7,346
1TTfRRWSZVQ,complete,8,383.5,71.0,2.2,11.0,3262.0,2621.7,360
1UEPCnrxVDk,complete,8,256.0,83.0,2.1,7.0,3262.0,2609.2,241
1WGzT8QYoBs,complete,8,240.5,100.0,2.1,6.0,3633.0,2686.9,226
1X_xTw9VMps,complete,8,419.1,100.0,2.8,19.0,4004.0,2646.9,393
1X_yHZZQ3Gk,complete,8,194.4,73.0,1.0,2.0,2891.0,2631.0,184
1a5nyrMtRsk,complete,8,309.5,100.0,7.9,49.0,2944.0,2511.0,287
1anGpmhq7Io,complete,8,237.7,100.0,7.4,39.0,2944.0,2527.2,221
1auqZEQ4YyE,complete,8,322.1,100.0,2.7,11.0,3262.0,2607.9,304
1bMdRr7QklY,complete,8,234.6,100.0,1.4,2.0,3262.0,2594.1,221
1boEmxDNJHE,complete,8,348.2,83.0,1.9,5.0,3262.0,2632.5,328
1bzuQncBqSM,complete,8,240.2,40.0,1.1,4.0,2891.0,2628.1,227
1cxI1cg9QuQ,complete,8,334.8,100.0,3.4,12.0,3262.0,2628.1,314
1dDyy3vxZFU,complete,8,176.5,35.0,0.9,7.0,2891.0,2555.7,166
1hX4SK2USQI,complete,8,359.4,100.0,2.8,11.0,3262.0,2658.6,337
1hg8Lep9A2Q,complete,8,405.5,100.0,0.5,2.0,2891.0,2549.8,380
1jMgcEuJkcc,complete,8,378.4,61.0,0.7,2.0,2891.0,2541.6,353
1kHW31AL-Do,complete,8,207.5,100.0,3.0,11.0,3262.0,2611.2,195
1kZ1493Le94,complete,8,353.1,100.0,1.8,4.0,3567.0,2580.4,333
1kvkDoIzYhw,complete,8,282.8,100.0,2.2,6.0,3285.0,2539.4,265
1luUofppMHE,complete,8,481.9,99.0,2.1,8.0,3262.0,2662.0,450
1mzpuUzLKx4,complete,8,351.6,100.0,2.7,6.0,2891.0,2595.2,332
1nEYTBOF248,complete,8,234.8,99.0,2.8,3.0,2891.0,2621.2,221
1nW74HxDj-c,complete,8,449.6,100.0,1.7,4.0,3262.0,2602.1,422
1qOHtT7nxsQ,complete,8,356.6,60.0,1.7,4.0,3078.0,2666.9,335
1qtPJm6r2H8,complete,8,403.9,96.0,3.0,21.0,4004.0,2682.2,374
1sXcIJYZYS8,complete,8,205.5,100.0,5.9,30.0,2944.0,2531.5,189
1tIpFqjieUk,complete,8,406.1,100.0,2.4,11.0,4004.0,2651.5,380
1vnpEpdZObM,complete,8,398.0,100.0,2.8,11.0,3262.0,2616.4,369
1wMlgt9xkFI,complete,8,442.4,100.0,2.9,11.0,3262.0,2621.6,415
1wYphAQQYK8,complete,8,249.4,100.0,1.6,5.0,3262.0,2584.6,234
1xFgqSpn1p0,complete,8,278.8,48.0,0.6,0.0,2683.0,2437.6,265
20Tf-eBDBdo,complete,8,259.5,100.0,2.3,11.0,2891.0,2582.1,244
20UKB5j3M6o,complete,8,327.8,8.0,0.2,2.0,2891.0,2554.4,309
21Ng3JJxsMU,complete,8,300.6,100.0,1.7,4.0,3262.0,2602.3,282
21h1zOCfE4Q,complete,8,258.7,100.0,2.5,11.0,3262.0,2636.7,244
21vv9YMbouQ,complete,8,437.9,100.0,2.1,8.0,3262.0,2619.5,408
22qTlNVLLqI,complete,8,257.0,100.0,5.7,43.0,2794.0,2500.8,236
237DnkyCRxk,complete,8,266.2,100.0,4.4,23.0,2944.0,2481.0,242
23m52Bx_8ec,complete,8,194.5,100.0,1.7,6.0,2891.0,2572.1,184
23t4A5bV22I,complete,8,316.9,100.0,1.9,8.0,2891.0,2572.3,299
24DEuZL-8zs,complete,8,381.6,67.0,1.8,4.0,3262.0,2664.5,359
24GzdRRgTvY,complete,8,325.4,100.0,1.2,2.0,2891.0,2606.7,308
26pC33mREhA,complete,8,213.7,100.0,2.0,4.0,2891.0,2596.7,201
27CBPR7CSks,complete,8,489.5,100.0,1.5,5.0,3633.0,2644.2,456
27cPrS0ID3I,complete,8,233.0,55.0,2.2,8.0,2891.0,2615.5,220
27yI8xjqB1c,complete,8,403.7,100.0,2.9,13.0,3262.0,2631.6,379
28qKxL9dSBQ,complete,8,232.9,80.0,2.8,14.0,3262.0,2587.6,220
29DTpNUwqP4,complete,8,336.3,95.0,3.5,14.0,3262.0,2618.1,315
29lSd5ucOOI,complete,8,344.1,100.0,2.9,11.0,3262.0,2616.1,322
2BYm668pPU8,complete,8,357.4,100.0,2.7,8.0,3262.0,2632.6,334
2CAJtr6IwKE,complete,8,426.3,100.0,1.3,2.0,2891.0,2549.1,399
2Dofr93O8wA,complete,8,376.3,100.0,5.8,40.0,3203.0,2531.3,349
2G3LlWhPdNU,complete,8,211.6,100.0,2.3,6.0,4004.0,2626.2,195
2GzqSSk1z4w,complete,8,330.4,80.0,2.2,8.0,3262.0,2620.5,311
2HzH0aJtS3E,complete,8,410.7,100.0,2.7,12.0,3262.0,2655.4,386
2ICPNNZ-EJU,complete,8,235.6,42.0,0.6,2.0,3262.0,2585.7,220
2JBrk6D3GSk,complete,8,274.7,100.0,1.4,4.0,2891.0,2589.7,259
2JQdT9_BiOQ,complete,8,325.2,100.0,9.0,61.0,3232.0,2535.1,302
2JVhmJUqfSM,complete,8,335.8,100.0,9.0,58.0,2944.0,2532.5,309
2KTSIv6Q00A,complete,8,235.2,100.0,2.9,12.0,3262.0,2641.5,222
2KvLEzYL-s0,complete,8,269.9,100.0,1.2,3.0,3262.0,2602.9,253
2LIV38f7Rls,complete,8,450.0,100.0,1.7,6.0,3262.0,2636.5,422
2LTgQ7RAkIw,complete,8,316.3,100.0,2.3,6.0,3262.0,2616.1,297
2LoBScduO9c,complete,8,355.4,99.0,2.7,8.0,3262.0,2643.4,334
2LvF95G3jy8,complete,8,211.4,70.0,1.4,4.0,3262.0,2654.9,199
2M5QmTmBjHE,complete,8,513.7,82.0,0.7,2.0,2891.0,2544.1,480
2McDo6PFkzs,complete,8,344.4,100.0,7.4,46.0,2944.0,2508.3,313
2NipE-0YqLo,complete,8,422.1,100.0,1.2,2.0,2891.0,2556.4,397
2P-VqsGOsyE,complete,8,214.5,92.0,2.5,0.0,3363.0,2538.8,202
2SPAQy3KAlQ,complete,8,372.6,55.0,1.7,5.0,3262.0,2664.9,352
2VtxgTlqeMM,complete,8,310.1,28.0,0.2,0.0,2891.0,2543.9,291
2WHDjhy1gtk,complete,8,875.2,100.0,6.7,56.0,4351.0,2355.0,645
2Z4n6PstwEc,complete,8,364.4,100.0,2.1,6.0,3262.0,2563.9,341
2ZdNT4VwKuM,complete,8,486.8,100.0,1.7,5.0,3262.0,2612.5,457
2ZkZFlXzRY4,complete,8,368.3,88.0,2.4,11.0,2891.0,2608.4,347
2_AL3hSOBf4,complete,8,229.8,91.0,0.5,0.0,2891.0,2535.3,215
2b0Tu1l9DtQ,complete,8,451.2,94.0,1.8,5.0,3262.0,2612.5,424
2biemeY4A-s,complete,8,241.1,99.0,1.5,6.0,2891.0,2575.0,226
2cfE3FI6CdE,complete,8,406.7,82.0,1.5,2.0,2891.0,2552.8,382
2eJeNF49CyA,complete,8,189.0,80.0,1.8,6.0,3262.0,2608.3,177
2fY9QdZg1Rk,complete,8,353.4,100.0,1.9,5.0,3262.0,2615.2,332
2fY_Ft1OPuA,complete,8,513.5,100.0,1.8,9.0,3262.0,2646.9,480
2fyil-5Nt0c,complete,8,449.4,100.0,0.9,2.0,2891.0,2547.9,422
2iNxMVjIcdU,complete,8,227.6,100.0,1.3,2.0,3262.0,2582.1,214
2ixcVQYmXxQ,complete,8,241.4,100.0,2.4,11.0,3262.0,2574.6,228
2jvh_0SovKs,complete,8,478.5,100.0,2.1,10.0,3262.0,2674.2,447
2k50eaigrSY,complete,8,407.4,100.0,1.1,3.0,2891.0,2608.1,381
2mUqwOwrRw0,complete,8,318.7,100.0,2.2,8.0,2891.0,2570.3,299
2n02vsk1N_Q,complete,8,369.0,100.0,2.2,11.0,4004.0,2689.2,345
2p2wbkhZCww,complete,8,386.5,78.0,2.2,7.0,3633.0,2642.5,361
2pw5n0cE5Bs,complete,8,166.2,10.0,0.5,6.0,2891.0,2568.9,157
2rwD_VjLyXg,complete,8,260.8,100.0,2.0,2.0,2891.0,2618.6,246
2rwkH6xzhwM,complete,8,421.8,100.0,2.0,2.0,3379.0,2553.1,398
2sHDAOacuo8,complete,8,489.9,100.0,1.5,5.0,3648.0,2643.0,455
2sMo-5IuPws,complete,8,185.8,58.0,0.6,2.0,3262.0,2607.3,175
2skmdRIf0vs,complete,8,246.0,100.0,2.1,3.0,3262.0,2578.5,231
2u_pFaBf0sw,complete,8,222.4,100.0,2.2,8.0,3567.0,2561.5,210
2wL9C4frayU,complete,8,313.9,100.0,2.1,6.0,3242.0,2587.0,297
2waqtbkEw_s,complete,8,193.5,1.0,0.0,0.0,2891.0,2532.6,183
2yQaNPbwze8,complete,8,263.0,100.0,2.3,5.0,3633.0,2625.8,247
30r8hM_nqe0,complete,8,458.7,99.0,1.0,2.0,2891.0,2548.0,428
30ubNf370Qs,complete,8,200.5,100.0,2.7,11.0,3262.0,2632.4,189
36yPROlybfg,complete,8,251.6,6.0,0.1,0.0,2891.0,2535.4,236
379BaE1xlcw,complete,8,235.6,100.0,5.0,16.0,2944.0,2556.8,218
37PHMpCmaH0,complete,8,384.1,100.0,3.1,14.0,4004.0,2667.9,356
38WGrMubkS4,complete,8,338.8,100.0,2.5,11.0,2891.0,2569.5,319
38k8DwDN_ls,complete,8,354.4,93.0,1.7,5.0,3262.0,2595.2,334
39M6VW_oXt4,complete,8,705.2,100.0,2.0,6.0,3633.0,2603.5,663
39x89Tl1vMI,complete,8,381.7,55.0,1.8,5.0,3262.0,2674.5,359
3ADH3OZWSqc,complete,8,411.0,100.0,3.0,12.0,3262.0,2645.4,388
3Az59jWE1Es,complete,8,415.3,100.0,2.9,11.0,3262.0,2611.5,387
3BNDpmXyVrI,complete,8,233.5,100.0,1.2,2.0,2891.0,2626.2,221
3D6phy6DyIc,complete,8,234.7,100.0,2.8,6.0,2891.0,2612.9,221
3DVI-pxpJTg,complete,8,174.4,100.0,4.0,17.0,2891.0,2540.1,165
3ErJc6a1TlU,complete,8,374.0,100.0,2.3,6.0,2891.0,2637.6,352
3FjJZrDLqyA,complete,8,417.4,100.0,2.4,11.0,3633.0,2650.3,388
3G5GCPH-eag,complete,8,283.2,100.0,7.2,46.0,3053.0,2526.1,259
3Gb3orx3E_U,complete,8,358.6,100.0,2.8,6.0,3262.0,2642.7,337
3IS-TVTOBhc,complete,8,191.0,100.0,4.5,25.0,2891.0,2557.2,180
3IxsJEQrthE,complete,8,439.0,100.0,3.6,11.0,3262.0,2648.6,413
3J9LHMrfR0s,complete,8,255.4,11.0,0.3,2.0,3633.0,2586.6,239
3K8Qy5u5KHE,complete,8,426.4,100.0,3.6,14.0,3262.0,2649.1,400
3K9pn03-6OU,complete,8,473.0,100.0,1.6,6.0,3647.0,2658.5,440
3Lf8xVKv_5Y,complete,8,401.8,69.0,2.0,7.0,3633.0,2638.0,376
3Lrz8eRm3Zs,complete,8,509.7,100.0,2.8,13.0,2891.0,2630.7,481
3M39pheU4uM,complete,8,851.1,26.0,1.4,6.0,3721.0,3565.4,159
3PKnJqZR9n0,complete,8,282.8,100.0,1.4,2.0,2891.0,2593.4,264
3Q6Mgoph0bo,complete,8,311.3,100.0,1.9,4.0,3633.0,2619.2,293
3Qe7-rZZGdw,complete,8,271.8,80.0,1.4,4.0,3262.0,2616.2,255
3R-tX_jBH9E,complete,8,341.1,100.0,2.5,11.0,3262.0,2639.3,319
3RQqEmP4nDs,complete,7,562.6,100.0,2.4,9.0,2944.0,2455.3,526
3RV5raBLZZU,complete,8,258.8,100.0,2.1,5.0,3567.0,2590.3,244
3TtP7FeK9GE,complete,8,367.6,100.0,1.9,7.0,2891.0,2558.7,346
3UY2Qtkkioo,complete,8,493.8,94.0,1.2,2.0,3331.0,2553.2,464
3VOpvsbkNN0,complete,8,312.1,63.0,1.8,6.0,3262.0,2627.2,294
3VX8SKymlys,complete,8,450.7,100.0,8.0,60.0,3762.0,2635.7,383
3W9oasdtC1k,complete,8,284.0,100.0,6.1,46.0,2685.0,2472.6,266
3Y6gS4HRfZg,complete,8,431.3,78.0,2.1,10.0,3633.0,2618.7,402
3_H0csefyYk,complete,8,260.3,100.0,2.1,6.0,3633.0,2642.8,245
3_e_NM503Po,complete,8,369.7,84.0,2.1,11.0,3262.0,2630.9,348
3b9GbBHaJIg,complete,8,213.0,70.0,1.4,3.0,2891.0,2606.8,201
3blR7C3H2WA,complete,8,372.5,74.0,1.9,7.0,3262.0,2633.5,346
3boCZREBqbw,complete,8,215.6,100.0,1.2,2.0,3262.0,2585.2,203
3f1jxy8NCIc,complete,8,179.3,100.0,8.1,51.0,2685.0,2484.1,166
3g4lI7XFrBc,complete,8,292.5,11.0,0.1,1.0,2891.0,2549.2,276
3hCbRsE1odw,complete,8,298.0,25.0,0.3,0.0,2891.0,2538.1,280
3hSbLuLM-do,complete,8,367.6,100.0,3.0,11.0,4004.0,2695.0,341
3i6uYsd_PgY,complete,8,228.6,100.0,1.4,4.0,3262.0,2603.5,215
3iLlAy_2cVc,complete,8,386.5,100.0,1.6,4.0,3633.0,2566.6,361
3iMdg2rNhbQ,complete,8,276.5,100.0,5.3,27.0,3519.0,2560.7,256
3jZSSvg8rw4,complete,8,211.5,100.0,3.1,11.0,3262.0,2599.1,200
3jyHtuacAVQ,complete,8,348.6,100.0,2.5,11.0,3262.0,2620.5,328
3ofFyjNK5Is,complete,8,370.3,100.0,2.5,11.0,3262.0,2668.5,347
3pxpjLDcId8,complete,8,251.7,100.0,1.7,3.0,3262.0,2586.0,236
3q5mytYIPWs,complete,8,532.2,100.0,1.7,6.0,3633.0,2627.2,490
3s2lKNc_cSM,complete,8,282.2,52.0,0.8,6.0,2891.0,2576.5,266
3s5GVWYogvI,complete,8,250.4,45.0,1.1,4.0,3262.0,2622.8,235
3s7dnPoZl0I,complete,8,357.4,93.0,2.6,17.0,3262.0,2590.0,335
3tPKXy-1pN0,complete,8,318.2,43.0,0.5,2.0,2891.0,2549.4,299
3tSGXSIyJYc,complete,8,437.2,100.0,2.4,11.0,3262.0,2629.6,411
3uA6UHbnq30,complete,8,395.0,100.0,1.3,4.0,3262.0,2640.8,370
3uL6Mht9mOI,complete,8,192.4,99.0,1.4,0.0,2891.0,2540.3,181
3vc_zdOxB4o,complete,8,228.8,100.0,1.8,6.0,3262.0,2627.9,214
3w87zCrrQb8,complete,8,379.0,100.0,2.9,11.0,3078.0,2633.7,356
3xfGxunYU6o,complete,8,283.0,100.0,3.1,11.0,2891.0,2588.5,267
3z582XtiwqY,complete,8,387.9,100.0,3.4,11.0,3262.0,2593.4,365
3z765daxDE8,complete,8,371.7,100.0,0.8,0.0,2891.0,2541.9,348
43KjgqW8nQE,complete,8,423.2,100.0,2.0,5.0,3633.0,2671.4,396
44lvYuQgj-U,complete,8,353.8,100.0,2.7,7.0,2891.0,2597.8,332
45AVeBWikxE,complete,8,340.6,99.0,2.4,11.0,3262.0,2621.7,319
45LRGKd5hLY,complete,8,282.7,100.0,1.8,6.0,2891.0,2565.5,266
45vIGsMUdA8,complete,8,412.4,89.0,1.1,2.0,3262.0,2612.0,388
46m-AdNYw8s,complete,8,234.7,100.0,2.6,11.0,3262.0,2566.3,221
47o0GUOVj0U,complete,8,210.9,100.0,0.9,2.0,3262.0,2590.2,198
48KLMsZI9fQ,complete,8,186.8,13.0,0.7,6.0,2891.0,2567.2,177
495PORHJR_0,complete,8,167.9,100.0,4.9,28.0,2944.0,2515.0,156
49FEgiD2lag,complete,8,220.4,57.0,0.6,2.0,3262.0,2601.1,207
4AektBqO5uo,complete,8,178.7,100.0,2.1,6.0,2891.0,2574.2,169
4BJYGsVvtNI,complete,8,256.5,11.0,0.3,2.0,3633.0,2588.4,240
4F1WJvyY79U,complete,8,386.6,100.0,3.1,11.0,2891.0,2582.5,362
4Fm3yPTfcck,complete,8,377.3,100.0,2.9,11.0,2891.0,2674.7,355
4JWE_XPk8JM,complete,8,491.4,100.0,1.5,5.0,3648.0,2643.5,457
4MA-chVPd-w,complete,8,411.4,96.0,2.9,21.0,4004.0,2681.4,382
4NZ2cbAITbg,complete,8,483.8,100.0,2.5,11.0,4004.0,2702.8,451
4Ni_klT90SE,complete,8,205.3,100.0,3.4,16.0,2944.0,2471.0,197
4OReHXoVgx4,complete,8,252.0,100.0,2.3,7.0,3633.0,2592.9,238
4PQ4tKLt5mU,complete,8,218.1,100.0,1.5,6.0,2891.0,2564.3,206
4P_9PvPl9d4,complete,8,246.9,100.0,0.6,0.0,2891.0,2535.8,232
4SgNuGZLy9g,complete,8,333.7,100.0,3.4,16.0,3262.0,2646.8,315
4TpW-Qfjd-0,complete,8,315.5,100.0,2.7,11.0,3633.0,2628.2,295
4VDj3kGKgu8,complete,8,230.4,100.0,1.9,5.0,3633.0,2646.7,217
4cXkqOdFHEA,complete,8,363.2,100.0,2.2,6.0,3078.0,2647.7,342
4d2a11MI_iI,complete,8,191.6,80.0,1.8,6.0,3262.0,2606.8,180
4dxy6Hg7pmo,complete,8,204.9,100.0,2.4,11.0,2891.0,2553.2,194
4e139WPuDus,complete,8,354.4,59.0,2.5,12.0,3262.0,2614.8,330
4fcxVfq_JfA,complete,8,443.6,99.0,2.4,5.0,3262.0,2646.2,416
4g-ubl8FAoM,complete,8,301.2,100.0,7.5,46.0,2944.0,2520.6,276
4gaWmD9ssOU,complete,8,345.7,100.0,2.6,11.0,3262.0,2619.4,326
4i9THu0PMv4,complete,8,256.2,30.0,0.4,2.0,3262.0,2587.9,238
4im89bLtkYM,complete,8,172.8,99.0,1.9,6.0,2891.0,2578.3,162
4jSCFcB4q6c,complete,8,597.3,100.0,7.4,60.0,3578.0,2566.3,516
4lnqcXBG_rA,complete,8,263.5,100.0,3.7,16.0,3262.0,2587.0,247
4mc64NGG4nw,complete,8,363.0,100.0,1.5,4.0,3262.0,2643.6,341
4mwA6tWDdVE,complete,8,216.4,100.0,2.3,5.0,3633.0,2614.8,204
4pwQeBsO97o,complete,8,385.4,99.0,1.7,8.0,3633.0,2654.6,360
4qgO84UOPas,complete,8,243.4,100.0,1.1,2.0,3262.0,2597.7,229
4qq7Wx7NG70,complete,8,335.3,100.0,2.7,11.0,3262.0,2650.1,315
4rBDoWQ1Yco,complete,8,382.4,71.0,2.3,11.0,3262.0,2619.8,360
4seVwXOPmPc,complete,8,440.0,99.0,2.2,4.0,3262.0,2592.6,411
4v5KZj0I-nE,complete,8,342.3,100.0,3.5,11.0,3262.0,2602.8,323
4xq5QzNG-m8,complete,8,379.3,100.0,2.1,4.0,2891.0,2604.3,354
4xuskuH8pB0,complete,8,197.5,100.0,1.6,3.0,3262.0,2570.8,186
4xvJHyrt5wE,complete,8,401.4,100.0,2.6,11.0,3262.0,2603.8,378
4zUXHk98fyI,complete,8,433.9,99.0,1.7,2.0,2929.0,2550.6,406
52p8ENHbJt0,complete,8,201.4,55.0,1.5,4.0,3078.0,2613.4,191
52wqJhKuFHw,complete,8,203.4,100.0,1.5,3.0,3262.0,2589.4,191
53CkX2pMra8,complete,8,190.2,100.0,2.1,9.0,2891.0,2564.2,179
54cr4rI3WvM,complete,8,269.5,30.0,0.7,4.0,3262.0,2655.8,253
55yVvFLV-LI,complete,8,362.5,100.0,5.3,46.0,2944.0,2462.8,384
56JJYOVZ1_g,complete,8,379.7,100.0,8.4,58.0,3203.0,2616.3,323
56pH6iGygHY,complete,8,239.2,100.0,3.6,14.0,2891.0,2646.2,225
57DTaDlumQE,complete,8,168.0,100.0,3.5,10.0,2891.0,2560.0,158
58lPCmAI5bc,complete,8,225.9,100.0,1.6,6.0,3262.0,2607.4,213
592wsBSrBSU,complete,8,243.8,93.0,1.9,6.0,2891.0,2552.9,230
5BBTghKXjDE,complete,8,675.1,8.0,1.3,5.0,3571.0,3496.6,93
5BYs6ymjwg4,complete,8,443.1,100.0,7.9,60.0,3270.0,2631.6,377
5BgV4VNkyZY,complete,8,540.8,100.0,7.8,65.0,3286.0,2534.7,469
5CZQpa5OpVw,complete,8,233.1,100.0,9.2,57.0,3312.0,2541.5,217
5Cf0m0ihXv0,complete,8,422.4,100.0,1.0,2.0,2891.0,2548.4,396
5CmdbKami0g,complete,8,283.6,100.0,4.9,20.0,3203.0,2537.9,258
5CvaaGki4x0,complete,8,444.0,100.0,6.6,46.0,2944.0,2508.4,402
5DRqD6TznoU,complete,8,491.7,100.0,5.2,35.0,2944.0,2506.6,424
5F796MdbVEs,complete,8,238.5,100.0,5.8,47.0,2944.0,2518.2,219
5FZWotAF1SE,complete,8,356.2,93.0,1.7,5.0,3262.0,2592.6,335
5GaXxYvWFV8,complete,8,190.9,83.0,2.0,4.0,3262.0,2664.4,181
5H1fbVx4Eic,complete,8,165.7,100.0,7.0,49.0,2685.0,2486.2,156
5H7W4iM2AXM,complete,8,367.2,100.0,2.8,13.0,3262.0,2641.3,346
5Hc7bLZupoM,complete,8,229.2,100.0,5.3,33.0,2944.0,2531.0,213
5Honxzpyoo0,complete,8,154.5,100.0,6.5,55.0,2685.0,2458.0,145
5I2iw-JhOFk,complete,8,290.8,100.0,6.9,49.0,2685.0,2485.1,271
5ICPKD2lky8,complete,8,375.6,99.0,3.0,13.0,3262.0,2658.5,353
5IXgXepxoQc,complete,7,326.4,100.0,4.1,16.0,2794.0,2506.2,387
5Io6LAsfFFo,complete,8,390.2,100.0,5.8,46.0,2794.0,2503.1,360
5JHXjUjSWcg,complete,8,301.9,100.0,1.8,2.0,2891.0,2553.5,284
5Jq2-Tb5HYQ,complete,8,144.4,100.0,7.3,50.0,3246.0,2468.8,136
5KXcx9c70pI,complete,8,371.8,100.0,2.4,10.0,3262.0,2622.8,349
5KefDn7uN1s,complete,8,532.4,100.0,1.7,6.0,3633.0,2627.2,490
5Kf8ZqL_jiY,complete,8,363.5,100.0,5.7,39.0,3208.0,2495.2,338
5Kk6NP7e_Xo,complete,8,443.2,100.0,2.8,11.0,3262.0,2619.4,416
5M2rLZK4Jdg,complete,8,429.0,100.0,2.7,11.0,3262.0,2637.3,398
5Na2iddHyag,complete,8,190.5,100.0,2.8,11.0,3262.0,2606.9,179
5Nw89HJOm9E,complete,8,514.8,100.0,1.0,2.0,2891.0,2547.1,482
5OyW5Eme8hc,complete,8,209.7,100.0,1.7,4.0,3633.0,2571.7,198
5PAuYlnmatQ,complete,8,353.0,100.0,8.4,61.0,3053.0,2527.0,323
5PPDcmDd_W8,complete,8,425.0,100.0,2.9,11.0,3262.0,2609.0,399
5PjWkArvnaM,complete,8,222.8,90.0,1.2,2.0,3262.0,2626.3,210
5QTUEtGAmrI,complete,8,179.8,100.0,2.0,4.0,3262.0,2640.7,170
5Qgc7f694wM,complete,8,285.3,100.0,1.8,8.0,2891.0,2564.6,269
5R9b4ncNCKE,complete,8,297.0,100.0,8.1,49.0,2944.0,2532.6,269
5RBbb5XqBjg,complete,8,357.6,100.0,8.8,52.0,2944.0,2509.9,325
5RCGpZaFkrU,complete,8,406.3,100.0,2.2,9.0,3262.0,2626.7,382
5RW0rlpsFas,complete,8,192.5,80.0,1.6,6.0,3262.0,2601.5,181
5RicyoY9ytk,complete,8,201.3,100.0,4.8,28.0,3203.0,2492.3,188
5SvvBhdMo0c,complete,8,285.7,100.0,5.9,38.0,2944.0,2487.6,268
5UhRencpoJI,complete,8,466.6,100.0,0.7,2.0,2891.0,2546.5,439
5VdIyonmboA,complete,8,447.0,99.0,2.8,10.0,3262.0,2618.8,418
5WbJoWpzY_k,complete,8,227.4,100.0,4.7,21.0,2944.0,2555.5,210
5XgZM0gbleQ,complete,8,225.9,100.0,5.3,47.0,2944.0,2488.5,209
5XjnKX_GrF8,complete,6,221.2,100.0,2.9,13.0,2685.0,2478.0,268
5XxH9s64VwM,complete,8,338.2,100.0,7.9,44.0,3203.0,2557.2,306
5Z2KOgg-IXw,complete,8,300.8,100.0,7.0,46.0,2944.0,2526.1,275
5ZqqdQko6sY,complete,8,167.5,100.0,4.1,25.0,2685.0,2451.3,177
5aFwN6h5Eos,complete,8,202.8,100.0,1.8,4.0,3262.0,2589.1,191
5aLMlH3dGzw,complete,8,245.6,100.0,4.7,34.0,2685.0,2456.1,219
5bQx29xSso8,complete,8,174.3,100.0,8.7,58.0,2944.0,2465.9,163
5cH1RKGWMNk,complete,8,241.3,100.0,7.6,41.0,2944.0,2511.2,224
5cHnyiv3BHs,complete,8,232.4,100.0,2.7,11.0,2891.0,2562.0,218
5dNxz9VmYq0,complete,8,159.8,100.0,10.7,80.0,3004.0,2472.6,151
5eXw-ZTlqSo,complete,8,190.2,55.0,1.2,4.0,3262.0,2596.6,179
5f0FmbSXMjk,complete,8,253.4,100.0,4.6,31.0,3246.0,2497.0,231
5ffn7lYNPO8,complete,8,268.5,100.0,1.8,6.0,3262.0,2601.0,253
5g26e3ISpFo,complete,8,202.8,15.0,0.6,2.0,3262.0,2614.5,192
5gAAAOkqaxg,complete,8,576.7,100.0,5.6,46.0,2944.0,2502.7,519
5h3jIj-v734,complete,8,215.4,100.0,4.3,16.0,2910.0,2493.7,198
5hf2JPs_Ck4,complete,8,196.2,100.0,7.1,49.0,2685.0,2503.6,186
5hoPZlSSNDk,complete,8,202.1,42.0,0.8,1.0,3262.0,2561.4,192
5hpSD-54Dtg,complete,8,387.3,100.0,6.7,46.0,3053.0,2532.3,347
5iAhMcjfLbc,complete,8,222.1,100.0,11.7,78.0,2944.0,2492.8,206
5iGNp8iek9U,complete,8,318.2,99.0,3.4,20.0,3262.0,2673.5,300
5iIdVDRm38Q,complete,8,191.2,77.0,1.8,4.0,2891.0,2644.6,182
5iopFYG9aAQ,complete,8,441.7,100.0,2.4,8.0,2944.0,2506.0,339
5j66g44QGCA,complete,8,181.1,100.0,4.7,16.0,3089.0,2494.5,170
5jLbJk6ICA0,complete,8,398.0,99.0,1.7,6.0,3262.0,2631.1,374
5jy7Bbh-h9k,complete,8,439.2,100.0,9.1,68.0,3286.0,2469.9,387
5kDSUefNKqc,complete,8,199.9,100.0,5.8,33.0,3413.0,2526.0,186
5kEGZianfg4,complete,8,273.0,60.0,1.6,2.0,3078.0,2682.4,257
5lvsCpub1S0,complete,8,318.0,100.0,2.8,9.0,3262.0,2643.3,299
5nVgAfF8AXU,complete,8,365.2,99.0,2.3,11.0,3262.0,2674.3,342
5noRGAW_KyU,complete,8,369.3,99.0,2.8,11.0,3262.0,2607.5,347
5pMs7MQMG2k,complete,8,507.6,100.0,5.8,46.0,2944.0,2521.4,455
5pN8y-0-U2M,complete,8,216.4,100.0,1.8,6.0,3262.0,2622.0,203
5pOpRvPI4to,complete,8,229.7,100.0,8.6,52.0,2944.0,2502.5,213
5pdjdoQ2Vks,complete,8,464.1,100.0,6.0,46.0,2944.0,2499.3,417
5pt48BFxpeg,complete,8,202.5,100.0,2.2,13.0,2891.0,2563.3,190
5puBwNFybvI,complete,8,255.1,100.0,5.2,33.0,2944.0,2543.7,235
5pxW3_O7ulI,complete,8,251.8,30.0,0.4,2.0,3262.0,2589.4,233
5q30coJqY78,complete,8,205.5,55.0,1.2,4.0,3633.0,2632.9,193
5qkzwG2lLPc,complete,8,295.7,100.0,8.0,49.0,2944.0,2496.4,277
5rmyelBLz08,complete,8,210.1,97.0,1.8,4.0,2891.0,2630.9,196
5twzVoFIdOo,complete,8,181.0,99.0,2.5,11.0,2891.0,2533.0,170
5u2amz_KkBU,complete,8,379.5,100.0,7.9,51.0,2944.0,2553.8,343
5ve2BhFX1EM,complete,8,274.1,100.0,8.7,77.0,2944.0,2544.5,248
5vy2qCoaaDI,complete,8,439.2,100.0,1.7,4.0,3262.0,2588.9,412
5w1rfRn0RVo,complete,8,274.2,100.0,2.0,8.0,3633.0,2675.8,259
5wqnhHcl19Q,complete,8,247.3,100.0,6.0,45.0,3203.0,2546.1,229
5x1v9rhFQEc,complete,8,585.8,100.0,4.5,30.0,3203.0,2496.0,529
5x702QirIFc,complete,8,325.9,74.0,1.7,6.0,3262.0,2652.0,307
5xwYAhdpKJM,complete,8,229.8,100.0,11.4,69.0,2988.0,2481.1,215
5y8UJMWG18E,complete,8,216.8,100.0,4.8,16.0,2944.0,2532.5,199
5yDfebjWzKo,complete,8,325.3,100.0,2.4,7.0,3262.0,2593.9,306
5zadUvlQvRo,complete,8,180.9,87.0,2.4,8.0,2891.0,2595.5,172
5zji9fi21bo,complete,8,206.1,100.0,3.0,9.0,2891.0,2621.8,195
6-VHAJ4ce0Y,complete,8,350.2,100.0,2.3,8.0,3262.0,2648.6,330
60yhaZ1cU_w,complete,8,177.2,100.0,5.1,22.0,3053.0,2502.5,166
613AMKmiR4c,complete,8,196.7,9.0,0.4,2.0,3287.0,2631.2,186
613cIHpfkeQ,complete,8,468.1,100.0,1.8,4.0,3262.0,2598.5,437
61Lr39GXT_o,complete,9,339.9,100.0,5.8,51.0,2876.0,2483.6,348
61YQoDInesY,complete,8,414.1,100.0,5.6,41.0,2944.0,2500.7,343
62MpGVlSIIE,complete,8,218.8,100.0,2.8,11.0,3262.0,2573.6,205
62_4gWj5q-k,complete,8,185.2,100.0,4.7,13.0,3055.0,2500.1,174
62e-ZAyi3KI,complete,8,319.7,100.0,1.6,6.0,3633.0,2668.0,300
638JlPo0vGI,complete,8,211.1,100.0,6.2,41.0,3403.0,2530.0,194
63TpxjbeUgo,complete,8,431.7,100.0,1.7,5.0,3262.0,2610.1,406
63gplJsvDec,complete,8,299.9,100.0,5.6,48.0,3053.0,2522.2,273
63ytNC2iRfc,complete,8,413.6,100.0,2.5,11.0,3633.0,2651.6,384
65Sr_Hm2PwA,complete,8,303.9,100.0,8.3,49.0,2944.0,2522.3,280
65irxGaOofg,complete,8,340.9,100.0,4.6,18.0,3089.0,2502.8,316
66O4KTL2JGE,complete,8,195.3,100.0,5.7,38.0,2944.0,2512.1,183
67dqNZ2YlB0,complete,8,299.0,100.0,4.1,24.0,2685.0,2464.7,282
68CGE_1kRTQ,complete,8,213.9,100.0,1.6,2.0,2891.0,2637.1,202
68UqsSkZl4E,complete,8,248.1,100.0,1.3,2.0,2891.0,2579.9,235
68kAAzwctfs,complete,8,284.3,100.0,2.0,8.0,2891.0,2548.6,269
69esKgAP8lc,complete,8,372.1,55.0,1.7,6.0,3262.0,2662.9,351
69hgK8bu49I,complete,8,283.2,100.0,7.6,65.0,3216.0,2502.5,263
69mZPTzU1rE,complete,8,230.7,100.0,1.3,4.0,3262.0,2611.8,217
6AKwT8E8gsQ,complete,8,243.2,100.0,2.1,7.0,3633.0,2574.0,229
6AdV-oxQ6qM,complete,8,431.2,100.0,1.0,2.0,2891.0,2548.0,404
6B8Luc3CETM,complete,8,283.1,100.0,8.3,49.0,2944.0,2550.2,259
6BYjFc9WBws,complete,8,213.3,100.0,6.1,31.0,2944.0,2522.6,198
6Dtr-_A5fFI,complete,8,450.7,100.0,6.4,48.0,3053.0,2512.2,410
6DuiE6-MnPw,complete,8,185.7,88.0,1.4,6.0,2891.0,2568.5,175
6EBnf0y3g0U,complete,8,187.2,100.0,3.4,9.0,2912.0,2506.9,173
6H8-8rfxc6Q,complete,8,377.8,99.0,2.9,13.0,3262.0,2658.2,356
6HYVKYQaWws,complete,8,236.4,93.0,2.2,11.0,2891.0,2613.7,223
6HkENS2rS5Y,complete,8,438.2,100.0,2.6,11.0,2891.0,2627.1,411
6INj5D8nDXk,complete,8,313.0,100.0,8.7,57.0,2944.0,2488.9,291
6IkpmuPLWp4,complete,7,200.1,100.0,6.3,48.0,3053.0,2512.8,341
6JMd0w4v8-s,complete,8,386.8,99.0,0.6,2.0,2891.0,2550.7,363
6JOeSEn_874,complete,8,240.8,100.0,5.1,25.0,3053.0,2499.6,224
6Jj2zc7cgLI,complete,8,348.0,100.0,3.4,16.0,2891.0,2643.2,327
6JwLmQ_h6fk,complete,8,322.6,82.0,2.3,9.0,3262.0,2588.7,304
6L6yDJrDydY,complete,8,310.3,55.0,0.6,2.0,2891.0,2550.2,291
6LwVPp7gDbw,complete,8,555.6,100.0,1.9,9.0,3262.0,2689.1,517
6MWLncc3BQk,complete,8,355.7,100.0,9.7,61.0,2944.0,2514.1,322
6MqwdmnCRuw,complete,8,320.7,100.0,6.7,49.0,3203.0,2529.3,295
6NGx436kJ2c,complete,8,176.4,100.0,1.5,6.0,2891.0,2555.2,166
6NMemMcP0G8,complete,8,372.7,100.0,2.4,9.0,3262.0,2631.2,348
6NWaxEks2dg,complete,8,482.3,100.0,2.3,12.0,2891.0,2629.9,453
6NlzjzH4ZUc,complete,8,368.7,100.0,3.1,11.0,3262.0,2648.9,348
6OJkMpza7lI,complete,8,358.2,100.0,2.5,7.0,3262.0,2601.2,336
6OsNI3rwi6o,complete,8,602.0,100.0,6.7,46.0,2944.0,2528.7,543
6PNPx0koe2E,complete,8,311.6,100.0,7.6,48.0,2944.0,2518.0,286
6Q-1H78LrAM,complete,8,200.2,100.0,1.7,6.0,2891.0,2562.9,188
6QLbaRLs23w,complete,8,219.5,33.0,0.5,1.0,4004.0,2600.6,205
6QTej3AYE5k,complete,8,434.2,100.0,4.6,30.0,3558.0,2508.6,393
6SI2vtm8HuQ,complete,8,171.6,100.0,5.2,22.0,3033.0,2501.0,159
6SjQ0y6xvOI,complete,7,366.2,100.0,3.7,16.0,2944.0,2512.4,372
6TS1BWgo8No,complete,8,375.4,100.0,1.9,5.0,3262.0,2622.5,352
6UDMPOhbqc8,complete,8,532.5,100.0,1.6,6.0,3633.0,2627.0,490
6UHYu-Ru-Z4,complete,8,197.2,100.0,4.4,10.0,3169.0,2495.3,186
6UV3HBBvLRU,complete,8,299.5,100.0,10.4,53.0,3203.0,2516.1,275
6UsXI4TGu20,complete,8,206.8,55.0,1.2,4.0,3633.0,2635.5,194
6VKrB1PYsS8,complete,8,446.9,100.0,0.6,1.0,2891.0,2546.7,421
6WC-RScdfOI,complete,8,443.0,100.0,2.6,11.0,3262.0,2656.1,416
6Wk_rydOz6Y,complete,8,167.9,100.0,6.7,46.0,2685.0,2455.7,159
6YT7lNyq-dg,complete,8,343.8,100.0,7.5,49.0,2944.0,2524.5,315
6YkUMFM5TkU,complete,8,421.6,99.0,2.2,5.0,3262.0,2636.1,394
6YxK7oxGOAk,complete,8,323.9,60.0,1.3,5.0,3633.0,2584.5,305
6_jdzEelwo8,complete,8,443.1,53.0,0.4,2.0,2891.0,2547.9,415
6_xTuglR48Q,complete,8,182.1,100.0,7.1,49.0,2685.0,2511.3,170
6bcbBqGoYTg,complete,8,453.7,100.0,5.5,37.0,3203.0,2513.3,411
6c7mRcOhDVk,complete,8,348.6,100.0,2.3,11.0,4004.0,2703.1,327
6cSB4qB2RwI,complete,8,210.3,100.0,5.6,43.0,2944.0,2518.5,192
6cYfrYngRRI,complete,8,370.4,55.0,1.5,5.0,3262.0,2613.0,347
6cbnLW4U1lA,complete,8,360.4,83.0,2.1,11.0,3262.0,2616.3,338
6eFeLrnigaE,complete,8,355.7,100.0,2.2,2.0,2891.0,2641.5,336
6eIqvNYRqtw,complete,8,310.1,55.0,0.6,2.0,2891.0,2553.9,294
6euBYh-9nFI,complete,8,329.7,100.0,7.2,46.0,2794.0,2504.7,300
6fgm7g8EplU,complete,8,196.6,10.0,0.1,0.0,2891.0,2532.2,186
6frXuvc2KvM,complete,8,195.5,33.0,0.5,2.0,2891.0,2557.1,185
6gFf5vJRIBM,complete,8,199.4,100.0,6.0,36.0,2944.0,2556.6,185
6gLOtlRFwyc,complete,8,320.5,100.0,3.3,12.0,3262.0,2617.9,301
6gRxPZG9jYQ,complete,8,197.2,100.0,2.0,3.0,3262.0,2573.1,186
6guhWl4Wto4,complete,8,321.4,100.0,6.8,46.0,2944.0,2506.3,297
6hd0DH4bqcM,complete,8,245.3,99.0,3.0,11.0,3262.0,2546.2,231
6iPPIDDI4tE,complete,8,169.4,100.0,7.3,46.0,3053.0,2552.8,152
6jDXF95oGoQ,complete,8,205.6,95.0,6.8,48.0,2944.0,2478.1,190
6jVbNmGHN90,complete,8,398.3,99.0,2.0,7.0,2891.0,2561.8,372
6kBvrldSzcA,complete,8,211.1,100.0,2.5,6.0,3633.0,2614.8,200
6kJtun-iiYw,complete,8,204.9,100.0,6.0,40.0,2685.0,2485.0,190
6mlou7Vu6fY,complete,8,315.3,100.0,1.9,5.0,3262.0,2582.9,297
6ntyf_DMb_g,complete,8,278.4,100.0,7.2,41.0,2944.0,2512.1,257
6oDJsI0tPTk,complete,8,410.6,100.0,8.5,62.0,3570.0,2609.9,359
6pE1Jiy3ias,complete,8,272.6,100.0,1.5,5.0,3262.0,2586.3,256
6pnp30GqLaw,complete,8,197.4,100.0,3.0,7.0,3262.0,2635.5,187
6qaa5-reSoA,complete,8,192.5,93.0,4.0,24.0,2944.0,2476.7,176
6rEAZtc6LeM,complete,8,197.2,66.0,2.2,17.0,3262.0,2572.5,185
6s2KAZ1J718,complete,8,272.0,99.0,2.6,11.0,2891.0,2561.0,257
6ssz0vhJHUs,complete,8,186.5,100.0,1.8,2.0,2891.0,2596.3,175
6tFEOkAmXig,complete,8,188.6,88.0,1.8,4.0,2891.0,2634.5,178
6tx1cxbMzE0,complete,8,358.6,100.0,2.0,6.0,2891.0,2571.7,336
6uQEk8qq3Qc,complete,8,349.7,100.0,2.3,11.0,4004.0,2703.1,327
6x8tGHUUV70,complete,8,326.5,87.0,1.8,11.0,2891.0,2625.7,308
6xIHbRvvDjo,complete,8,191.9,59.0,2.6,23.0,2891.0,2588.3,180
6xKo9WSBDh8,complete,8,249.0,92.0,5.7,49.0,3203.0,2582.5,211
6y7VUz5kUtk,complete,8,381.6,99.0,0.4,2.0,2891.0,2554.1,359
6yvntF8OK2U,complete,8,425.4,100.0,7.7,49.0,3326.0,2532.7,376
6zKor7MOozA,complete,8,279.5,100.0,8.8,52.0,2685.0,2486.4,256
6zYPB5E2e3c,complete,8,139.0,100.0,8.7,59.0,3246.0,2471.2,131
7-0AiXPyFeQ,complete,7,314.4,100.0,5.8,51.0,2876.0,2486.6,339
7-4VIRcukxw,complete,8,189.4,80.0,3.2,14.0,2685.0,2487.5,177
7-MPEmC24zY,complete,8,220.1,18.0,0.9,4.0,3262.0,2631.5,207
7-_Oc-0vcy4,complete,8,217.6,100.0,2.1,10.0,3196.0,2594.9,205
71Gjg4ib5B4,complete,8,406.0,100.0,2.4,10.0,3262.0,2626.7,382
71Hl0nk6o4o,complete,8,147.2,100.0,4.7,31.0,2760.0,2506.5,162
71Wdi64h2zU,complete,8,335.8,100.0,1.8,6.0,3078.0,2596.5,316
723RZxnDWKE,complete,8,332.4,86.0,3.4,16.0,3169.0,2502.5,221
72amlB2W4ZQ,complete,8,461.2,100.0,2.9,13.0,2891.0,2639.3,435
72gNZp5muP8,complete,8,420.0,62.0,1.6,4.0,2891.0,2609.0,395
72z0J68AyZ4,complete,8,339.1,100.0,1.3,4.0,3633.0,2603.6,318
73B7DUxL474,complete,10,252.9,100.0,4.3,17.0,3025.0,2516.0,262
74vkGl-QwWw,complete,8,205.8,100.0,2.0,2.0,2891.0,2545.9,194
75VY-ZLhf8o,complete,8,182.2,100.0,5.5,28.0,2944.0,2550.3,167
761mJlkExyc,complete,8,192.3,100.0,4.4,21.0,3203.0,2486.2,180
76gHyKm1ygY,complete,8,311.3,100.0,4.5,13.0,3055.0,2516.3,287
76nvm6Mf4Lc,complete,8,538.8,100.0,5.7,47.0,2944.0,2503.6,453
76wAEJOdBq8,complete,8,437.0,100.0,3.9,25.0,3262.0,2645.9,410
7749Mssjo-Q,complete,8,211.5,100.0,2.3,6.0,4004.0,2628.9,195
774qqpviyJg,complete,8,248.2,100.0,7.2,39.0,2944.0,2523.4,229
776M16aPyxk,complete,8,258.3,100.0,8.1,46.0,2944.0,2517.0,239
78NdWjrf4Aw,complete,8,519.5,100.0,5.1,44.0,2944.0,2500.0,468
78u_auDGxV8,complete,8,205.9,100.0,1.4,10.0,3262.0,2593.3,193
790ZmT6XAFs,complete,8,326.4,100.0,1.9,5.0,3262.0,2613.2,307
79edBQ75fQw,complete,8,322.1,100.0,8.8,52.0,3203.0,2529.8,293
7AOUtM_wccs,complete,8,320.5,59.0,2.5,12.0,3262.0,2609.6,298
7As5lQfHJhc,complete,8,390.2,100.0,2.6,11.0,3262.0,2594.6,365
7BNlf7lI4lI,complete,8,259.6,61.0,0.8,2.0,3262.0,2649.4,242
7DyixtvAXkQ,complete,8,417.4,100.0,7.0,47.0,2944.0,2483.4,386
7EdimLcV99M,complete,8,342.0,100.0,8.5,49.0,2944.0,2525.0,314
7Fkoa9iBS70,complete,8,376.5,100.0,1.9,6.0,3262.0,2630.8,354
7HWEyIC7xoM,complete,8,296.0,100.0,5.6,36.0,2944.0,2518.2,277
7Hg2HhwybWw,complete,8,420.1,84.0,1.8,7.0,3262.0,2624.4,393
7Iwsi9DZvVQ,complete,8,500.1,100.0,0.9,2.0,2891.0,2544.5,471
7IxMAdowRII,complete,8,203.9,100.0,3.3,4.0,3262.0,2621.5,192
7JeDWi11aqM,complete,8,467.3,55.0,1.9,11.0,3633.0,2654.9,435
7K0VQphXgYM,complete,8,213.6,100.0,2.6,10.0,3633.0,2571.4,201
7KCTZI5hc3w,complete,8,327.6,55.0,1.7,5.0,3262.0,2666.8,308
7KHhSiUNt0k,complete,8,420.9,96.0,2.7,21.0,4004.0,2677.6,389
7KU_Dzj46LI,complete,8,327.3,86.0,3.4,16.0,3149.0,2503.1,216
7KZ3IObY_ls,complete,8,250.9,100.0,6.6,45.0,2685.0,2510.3,232
7KyJSsAfA50,complete,8,224.8,100.0,1.8,2.0,3262.0,2579.5,212
7LOmg9luYBs,complete,8,352.3,47.0,1.4,5.0,3262.0,2629.1,332
7MBLAvE5UxA,complete,8,363.8,100.0,5.8,48.0,3203.0,2566.0,316
7Nm0kxvpYUw,complete,8,356.7,100.0,3.2,13.0,2891.0,2657.6,335
7OFf4RR5aas,complete,8,393.0,100.0,5.4,36.0,3053.0,2504.3,346
7OMwCRAKHGM,complete,8,397.1,96.0,3.0,21.0,4004.0,2684.5,369
7OTdKmPXCZc,complete,8,345.7,100.0,3.1,13.0,2891.0,2603.9,326
7OVTkT-TCFY,complete,8,365.4,55.0,1.9,11.0,3262.0,2633.1,344
7RnbyZyNNDE,complete,7,117.8,100.0,5.9,41.0,2685.0,2436.6,112
7SE3n-Uwe9M,complete,8,355.7,100.0,3.1,17.0,3262.0,2617.9,334
7SqNdgRcaZs,complete,8,177.1,100.0,1.5,6.0,2891.0,2555.5,167
7Su5P6E_wfY,complete,8,452.7,100.0,5.9,43.0,3053.0,2525.5,417
7T82Z7BwYfM,complete,8,407.6,100.0,2.9,13.0,2891.0,2662.8,384
7Tt4wrV3HOw,complete,8,413.0,100.0,2.3,7.0,3262.0,2592.4,387
7U6R9FUpv6k,complete,8,306.2,75.0,0.6,0.0,2891.0,2537.6,289
7Ua8VUKgLG4,complete,8,220.6,57.0,0.7,2.0,3262.0,2604.7,207
7UalhVb6qK8,complete,8,363.4,99.0,2.4,8.0,3262.0,2579.6,339
7VIXApCTkpw,complete,8,240.4,100.0,1.0,4.0,3262.0,2591.2,226
7VkoPCVcs7w,complete,8,196.9,100.0,9.8,75.0,3312.0,2524.8,183
7W4fwVBpJm8,complete,10,117.1,100.0,5.4,31.0,3033.0,2508.2,164
7W7L7uOcQWE,complete,8,390.7,100.0,8.6,53.0,3326.0,2551.5,349
7WLBCX-ovd4,complete,8,263.3,56.0,1.5,6.0,3262.0,2634.0,248
7Wpk6rVc_RE,complete,8,416.8,100.0,2.0,4.0,2891.0,2573.8,391
7WyQ-Kh2bOE,complete,8,433.6,100.0,8.4,62.0,3292.0,2644.3,369
7XA5pHnxhBA,complete,8,392.2,100.0,2.8,11.0,2891.0,2561.1,370
7Xfs73fSaPI,complete,8,284.2,100.0,5.7,49.0,3246.0,2510.6,258
7XsFon6_Ld0,complete,8,256.7,61.0,0.8,2.0,3262.0,2649.5,239
7Y1DlA0TD-Y,complete,8,342.2,100.0,8.5,51.0,2685.0,2520.4,312
7ZJgSA3A_9s,complete,8,178.1,80.0,2.8,14.0,2685.0,2476.6,165
7aNW9hRKYA8,complete,8,399.6,100.0,1.9,8.0,3262.0,2625.5,377
7aReF5-u7ow,complete,8,369.3,100.0,1.6,4.0,2891.0,2574.9,347
7aazonFh0sY,complete,8,415.1,100.0,2.3,11.0,3633.0,2650.9,386
7afXSVvhVyc,complete,8,507.7,100.0,4.6,31.0,2944.0,2483.4,460
7bX3ot_4G4E,complete,8,254.8,11.0,0.3,2.0,3633.0,2592.4,237
7bZFYu41fsw,complete,8,395.1,100.0,2.6,12.0,3262.0,2596.8,369
7cBdzxgJpN8,complete,8,353.3,100.0,2.3,11.0,4004.0,2697.8,331
7dAJYPD7UGg,complete,8,462.8,100.0,4.8,35.0,3203.0,2511.6,420
7eYl-o3hEuI,complete,8,196.7,100.0,5.1,36.0,2685.0,2482.6,185
7e_vGSaFvH4,complete,8,877.5,100.0,6.9,58.0,4351.0,2349.8,646
7fjNo3jyNHY,complete,8,200.8,100.0,8.9,76.0,3216.0,2484.0,188
7gLVOGJpSpE,complete,8,456.9,99.0,2.0,4.0,3633.0,2585.7,428
7hX_7RmPmrQ,complete,8,512.4,100.0,2.0,11.0,3262.0,2645.3,478
7i1934Tpw8s,complete,8,438.5,99.0,2.4,12.0,3262.0,2642.7,412
7kqe82-p4RI,complete,8,306.9,100.0,6.8,44.0,2944.0,2542.2,279
7kwqa1a8ULw,complete,8,413.0,100.0,2.0,11.0,3262.0,2652.4,388
7lTsQDsLaY0,complete,8,231.7,4.0,0.0,0.0,2891.0,2535.0,218
7lTuPtYJdD0,complete,8,246.7,100.0,5.7,28.0,2944.0,2526.2,227
7lVU9qM8MmM,complete,8,232.9,100.0,5.6,44.0,2794.0,2520.4,210
7lqF3crkdsI,complete,8,231.7,100.0,5.7,27.0,3203.0,2621.0,199
7m7L0L8dxoo,complete,8,532.5,100.0,5.7,46.0,2944.0,2517.1,477
7mhRzG3QTGE,complete,8,498.7,100.0,2.7,11.0,2891.0,2631.7,469
7o9-3TlkNLI,complete,8,479.6,100.0,6.9,44.0,2944.0,2527.6,438
7oZSM2IiJH8,complete,8,191.8,55.0,1.3,4.0,3262.0,2601.6,181
7pHauQlhGuk,complete,8,452.0,100.0,2.6,9.0,3262.0,2653.9,422
7r7cHNxMqBY,complete,8,192.6,100.0,4.9,31.0,3203.0,2484.0,179
7rgr3MZAcqc,complete,8,201.9,100.0,6.0,36.0,2685.0,2506.0,187
7s040DJJ3fQ,complete,8,220.4,100.0,2.8,8.0,2891.0,2596.9,208
7sPJj-Fqbys,complete,8,388.6,100.0,3.2,11.0,3262.0,2600.8,361
7scPhT2OuMc,complete,8,186.4,69.0,0.8,2.0,3573.0,2602.2,176
7t9cPtA9St0,complete,8,294.8,100.0,6.1,49.0,2944.0,2501.6,378
7tJ8XAFVVFI,complete,8,177.3,100.0,4.2,14.0,2924.0,2497.4,165
7tLeBA3pKvw,complete,8,260.0,100.0,5.3,18.0,2944.0,2509.4,243
7uNSIHu9MqY,complete,8,379.6,100.0,8.7,53.0,3203.0,2554.2,340
7x4F_Y6cTXA,complete,8,242.8,100.0,4.9,33.0,3403.0,2501.5,225
7xQw4ocAAQA,complete,8,219.1,100.0,4.7,33.0,3203.0,2581.3,203
7xtv9W0X5TM,complete,8,523.3,100.0,1.5,2.0,2891.0,2547.9,489
7yLZPHJyLsc,complete,8,390.4,100.0,6.1,48.0,3203.0,2567.6,341
7yb0ZPLGr48,complete,8,195.9,100.0,9.2,69.0,2996.0,2492.2,183
7ydifaI4bEs,complete,8,190.5,88.0,7.5,49.0,2944.0,2487.0,176
7yxdECqMRsw,complete,8,369.3,100.0,2.9,11.0,4004.0,2692.4,342
7zxh49-bsIk,complete,8,366.7,99.0,2.0,8.0,3262.0,2626.6,344
80SuzSuA41Y,complete,7,675.5,100.0,5.0,30.0,2944.0,2515.1,604
81ET3q8vFV4,complete,8,280.2,100.0,5.3,32.0,3203.0,2506.5,258
83DJb1C8GNM,complete,9,124.3,100.0,3.5,20.0,2685.0,2455.4,236
84jTQgMhOIU,complete,8,282.7,100.0,4.6,16.0,2944.0,2528.2,260
84pFv_fV2cg,complete,8,206.4,88.0,5.5,27.0,2944.0,2540.2,189
86hfBMNB0kU,complete,8,173.4,100.0,4.5,10.0,3081.0,2492.1,163
8A-E8ErJiAI,complete,8,171.5,100.0,4.0,8.0,3053.0,2487.1,160
8B8A3gRJZb4,complete,8,339.6,100.0,8.2,52.0,2944.0,2512.3,310
8BH1EHZM0O8,complete,8,170.4,100.0,8.0,80.0,2778.0,2494.7,158
8ByXi5L4c3I,complete,8,199.1,100.0,8.3,49.0,2944.0,2550.5,184
8Cv0BwfCoBY,complete,7,443.7,100.0,5.7,48.0,3203.0,2503.8,443
8D9Ck4DL6qs,complete,8,437.2,100.0,5.9,46.0,3053.0,2526.7,403
8DLmFbU7EN8,complete,8,174.4,93.0,4.5,34.0,2944.0,2490.6,161
8DRH3xksrb0,complete,8,324.4,100.0,7.6,50.0,3312.0,2532.6,300
8D_15qOjON4,complete,8,444.0,100.0,8.5,68.0,3578.0,2470.2,394
8G2SgpH3Kg0,complete,8,419.8,100.0,4.4,29.0,2944.0,2508.9,383
8HXKAkWANrs,complete,8,228.5,100.0,8.6,63.0,2944.0,2514.6,211
8IJznyMAevE,complete,8,358.3,100.0,4.2,21.0,2685.0,2465.8,337
8ISb5KZd-d8,complete,8,414.7,100.0,5.7,40.0,3203.0,2538.2,378
8InnKe9Nbi8,complete,8,192.7,100.0,7.3,49.0,2944.0,2510.4,178
8JatfMMvPII,complete,8,260.2,100.0,6.8,46.0,2944.0,2500.4,241
8K1uGlxco9I,complete,8,213.7,100.0,5.7,41.0,3004.0,2517.9,198
8KN0hnxJUeg,complete,8,277.5,100.0,9.2,53.0,3203.0,2518.1,251
8Ksg7cmi6Qo,complete,8,235.6,93.0,5.4,36.0,3053.0,2549.2,220
8MFf2CKIfA0,complete,7,178.8,86.0,5.1,42.0,2944.0,2519.7,181
8NJM7PBAvRA,complete,8,205.8,96.0,3.9,16.0,2794.0,2509.2,188
8Nfi2IKsYG4,complete,4,180.9,100.0,3.9,16.0,2794.0,2492.7,286
8OMn4DaStqI,complete,8,229.5,100.0,7.3,49.0,2685.0,2490.1,214
8Q8wgd7eYAk,complete,8,418.5,100.0,8.6,62.0,3616.0,2653.5,366
8RAzrGuYZbw,complete,8,183.5,100.0,6.1,47.0,3053.0,2478.4,170
8To-Tr3jqHo,complete,8,570.7,100.0,5.6,41.0,3203.0,2543.9,497
8UQ9GYUTWlc,complete,7,219.6,100.0,6.6,56.0,2876.0,2450.7,244
8Ud5tfDeZ3g,complete,8,519.1,100.0,5.8,44.0,3203.0,2515.7,438
8Vr2gmIudPI,complete,8,301.9,100.0,7.2,47.0,2944.0,2545.1,270
8Y-wAX5S9As,complete,8,192.2,100.0,6.7,46.0,2944.0,2514.6,179
8YA9iPnSXyA,complete,8,378.5,100.0,7.1,49.0,2944.0,2523.8,343
8_TwJjk7gjY,complete,8,431.4,100.0,7.9,49.0,3203.0,2530.5,389
8bEJ3TRDNfE,complete,8,382.4,100.0,4.6,31.0,2944.0,2508.6,348
8bhYAvEsRqk,complete,8,425.2,100.0,8.2,62.0,3270.0,2641.2,374
8cEdndsuzSE,complete,8,303.2,100.0,7.3,49.0,2944.0,2487.5,283
8eFRk2PscRo,complete,8,875.9,100.0,6.8,56.0,4351.0,2358.2,646
8ezz_6-cXT0,complete,8,163.4,100.0,6.5,46.0,2685.0,2449.3,155
8fU17f-zQe4,complete,8,410.4,100.0,8.1,51.0,2685.0,2523.9,375
8gkEPDIf_mU,complete,8,222.1,100.0,5.4,16.0,3203.0,2577.2,202
8htDNIVsEzw,complete,7,335.1,100.0,4.2,20.0,3203.0,2526.9,304
8iJep87bvRI,complete,8,446.5,100.0,8.7,58.0,2944.0,2527.6,407
8ibobtF977E,complete,8,218.7,100.0,4.6,16.0,2944.0,2517.9,202
8ius6JNOB18,complete,8,233.2,100.0,6.4,38.0,2944.0,2545.5,212
8jiNCNbqqac,complete,8,194.5,100.0,7.3,52.0,2944.0,2450.8,182
8mhYReoYgiQ,complete,8,586.0,100.0,7.4,60.0,3578.0,2571.8,509
8n4S1-ctsZw,complete,8,297.9,100.0,8.1,46.0,2944.0,2504.7,274
8n8scyrJHlk,complete,8,169.3,100.0,5.7,22.0,3203.0,2528.2,156
8nnUSKd-kPU,complete,9,314.8,100.0,4.5,25.0,2794.0,2512.5,377
8odI2ADcyjU,complete,8,264.3,100.0,2.1,5.0,3053.0,2483.7,238
8odmyco7v-k,complete,8,385.8,100.0,7.0,46.0,3053.0,2533.9,346
8olxr4bTax0,complete,8,255.5,100.0,8.7,49.0,2685.0,2497.6,235
8ooLKgRZ4ic,complete,8,166.1,100.0,4.9,16.0,2944.0,2492.7,156
8rWtKKeBMm8,complete,6,498.2,100.0,2.4,8.0,3282.0,2438.0,460
8uG4xekV9II,complete,8,174.7,100.0,4.5,25.0,3053.0,2485.5,164
8uptsMfRH-A,complete,8,333.4,100.0,8.4,52.0,2944.0,2513.2,304
8wicpQBSUxM,complete,8,353.8,100.0,7.8,49.0,2944.0,2501.0,327
8xDDvCO13F8,complete,8,176.3,100.0,5.0,39.0,2910.0,2479.3,166
8xiuo-rcZb0,complete,8,175.9,100.0,8.9,69.0,2836.0,2488.7,167
90-G9F6PFsk,complete,8,329.6,100.0,5.5,39.0,3203.0,2577.2,288
90MlWY5i6vQ,complete,8,288.7,100.0,6.9,55.0,2944.0,2514.4,268
91y2rGThgeA,complete,8,230.7,100.0,5.1,33.0,2944.0,2501.1,216
92XmX19e0O8,complete,8,337.1,100.0,9.0,56.0,2944.0,2540.2,309
92qUflgsSVo,complete,8,176.6,87.0,2.4,8.0,2685.0,2459.7,168
93FL6Er9RKY,complete,8,249.2,100.0,10.0,64.0,2944.0,2509.0,230
95RJZnfWBuU,complete,8,369.8,100.0,8.5,56.0,3232.0,2625.4,315
97aWdhj59mY,complete,8,370.1,100.0,8.6,56.0,2944.0,2559.4,333
98Uc68nEoeQ,complete,8,166.7,96.0,6.2,46.0,2794.0,2497.4,156
9A_uVYdldmA,complete,8,366.1,100.0,6.4,48.0,3053.0,2525.2,341
9B1FQVfdujk,complete,8,368.6,100.0,6.0,44.0,2944.0,2532.1,331
9DUJOxxyjOw,complete,8,228.5,100.0,6.6,46.0,3203.0,2533.7,210
9FW0g2_Iq6E,complete,8,277.9,100.0,4.3,21.0,3525.0,2518.7,257
9FlDcckEd7Q,complete,8,180.1,100.0,5.2,13.0,2944.0,2514.2,168
9Mon30j3rw8,complete,8,179.2,100.0,6.9,57.0,3216.0,2507.8,167
9PHuQxTf9tU,complete,10,105.2,100.0,3.8,32.0,2685.0,2455.3,232
9Rb5Wr0tOvI,complete,8,360.4,100.0,5.9,41.0,3203.0,2537.9,330
9TzDUNhonU8,complete,8,253.8,100.0,5.7,49.0,3246.0,2489.9,232
9U4BFOh0LBE,complete,4,253.5,100.0,5.3,38.0,2685.0,2471.2,297
9UD7L7Hi3QY,complete,8,323.1,100.0,7.4,46.0,2944.0,2527.8,297
9Uvr_IhhGfE,complete,8,282.7,100.0,9.5,74.0,3312.0,2525.1,262
9VN6xUjXdo8,complete,8,378.6,100.0,7.7,50.0,2944.0,2516.5,344
9WVSHxEWXqc,complete,8,173.7,100.0,10.4,74.0,2944.0,2500.1,161
9XXhifmuNaU,complete,8,302.3,100.0,4.8,16.0,2944.0,2547.2,282
9YICpjeGsbE,complete,8,359.9,100.0,6.7,44.0,3053.0,2533.9,334
9YUt465ZniM,complete,8,205.4,100.0,4.2,16.0,3203.0,2556.6,188
9a2KPIV3QQ0,complete,7,1084.3,8.0,1.4,5.0,3462.0,3462.0,31
9aZ7Vbe_rhg,complete,8,304.4,100.0,6.5,49.0,2944.0,2517.8,282
9cqvkPvCpCU,complete,8,263.0,100.0,9.4,57.0,2944.0,2490.7,243
9eBfp2FV8Z0,complete,8,411.7,100.0,7.6,49.0,3232.0,2624.1,355
9g9zkRiZFFc,complete,8,225.4,93.0,3.0,9.0,3403.0,2540.4,206
9gCyDfvoJyQ,complete,8,194.4,100.0,6.2,48.0,2944.0,2487.7,181
9h7wFneYeqI,complete,8,181.9,93.0,4.3,24.0,2944.0,2486.0,167
9i7_v0T3N38,complete,8,167.3,100.0,4.6,21.0,2944.0,2516.0,156
9mEP3bRsFgI,complete,8,393.5,100.0,6.9,48.0,2794.0,2506.1,363
9nUZj6aaVEM,complete,10,285.4,100.0,7.8,52.0,2944.0,2505.0,264
9rO_I5Kvogw,complete,8,149.1,100.0,4.6,35.0,2685.0,2463.6,141
9v-uyZgwUWI,complete,8,327.6,100.0,8.1,48.0,2944.0,2519.2,299
9vXRWsL2OFU,complete,3,375.9,100.0,2.5,10.0,2944.0,2446.2,446
9vkXX0pPRzE,complete,8,165.7,100.0,5.3,36.0,2685.0,2475.8,156
9wizIeAHslw,complete,10,1129.0,8.0,1.0,8.0,3462.0,3462.0,23
9xeDemxkgoM,complete,8,280.3,100.0,6.5,49.0,2944.0,2526.7,261
9xq1Sad01vM,complete,4,316.0,100.0,7.2,60.0,2944.0,2472.2,265
A001RPoyJ9s,complete,8,297.5,100.0,6.5,36.0,2944.0,2527.1,273
A0l9pRw2j2E,complete,8,385.9,100.0,8.9,63.0,3203.0,2552.5,349
A15N6pAgPkI,complete,8,389.5,100.0,7.9,49.0,2944.0,2510.9,354
A1ciEsB3HW8,complete,8,218.1,100.0,6.1,31.0,2944.0,2529.5,201
A2svogybzeo,complete,8,311.6,100.0,7.5,50.0,3312.0,2525.7,290
A3EJZR-2dO4,complete,8,479.2,100.0,6.2,49.0,3403.0,2518.2,442
A57REjB7ENw,complete,8,206.0,100.0,6.2,52.0,3203.0,2504.5,189
A5SnSQbmFGE,complete,8,302.6,100.0,5.0,22.0,2944.0,2498.1,278
A7US4fAXxKM,complete,8,307.6,100.0,7.1,46.0,2944.0,2523.4,282
A9s3LVJGrH8,complete,8,170.7,100.0,5.9,46.0,2685.0,2452.2,162
AA0m2kT3WAQ,complete,8,376.0,100.0,9.3,59.0,2944.0,2510.4,344
AALIoJUKYiY,complete,8,415.5,100.0,7.0,46.0,2944.0,2512.5,384
AAc4Ln8LcYA,complete,8,330.3,100.0,9.5,61.0,3232.0,2537.8,304
ABdsIExCFgs,complete,0,12.5,23.0,1.1,5.0,2944.0,2441.0,54
ACHqS9TNqMU,complete,8,408.3,100.0,6.3,48.0,2959.0,2513.0,343
ACyvV6C3Zzs,complete,8,177.0,96.0,5.1,33.0,2794.0,2503.2,163
AD5l73v5Z64,complete,8,206.7,100.0,7.9,49.0,2685.0,2527.9,191
ADgAm2GRYjw,complete,8,195.4,100.0,5.6,48.0,2944.0,2484.2,182
AE2elHHWst8,complete,8,229.2,100.0,7.9,48.0,2794.0,2511.1,212
AFbu5I0-wHE,complete,8,250.3,100.0,7.0,32.0,2944.0,2521.5,233
AFt6w9tjkrw,complete,8,201.4,100.0,4.2,24.0,3203.0,2493.6,187
AGBqWGFV7KM,complete,8,293.6,100.0,7.6,49.0,2944.0,2520.7,270
AGmILXsd0PE,complete,8,431.8,100.0,7.3,54.0,2944.0,2493.5,399
AHjxpDDfzUc,complete,8,347.7,100.0,5.2,36.0,2944.0,2516.8,299
AIJx3iZwttk,complete,4,151.0,100.0,5.8,52.0,2876.0,2443.8,313
AJDWx4Ms3FQ,complete,8,205.7,100.0,5.5,46.0,3255.0,2521.6,187
AJmYJL2zKUo,complete,1,11.2,100.0,3.0,17.0,2685.0,2459.8,205
ALs7h4xd2bU,complete,8,220.1,100.0,9.2,58.0,2944.0,2465.4,205
AMLu3I4AASs,complete,8,348.9,100.0,8.5,50.0,2944.0,2518.2,319
AMl-gjswr-0,complete,8,358.9,100.0,9.1,65.0,3588.0,2570.2,324
AOQBlIN8WzQ,complete,8,316.5,100.0,8.4,49.0,2944.0,2528.2,289
AOkwFAgqUac,complete,5,360.2,100.0,6.0,48.0,3203.0,2510.5,431
AUDOUVYtmw4,complete,8,379.3,100.0,4.5,30.0,3089.0,2483.0,347
AVbGRFlBIAk,complete,8,480.5,100.0,6.4,49.0,2944.0,2536.7,437
AViquZS-u1U,complete,8,181.4,100.0,6.7,46.0,2685.0,2488.1,169
AW8l-jbD_yw,complete,8,434.4,100.0,8.4,58.0,3326.0,2537.0,378
AXNQsDc47Wc,complete,8,169.0,100.0,4.8,18.0,2794.0,2518.3,158
AZqfgPe2Mfk,complete,8,173.7,100.0,4.1,16.0,2794.0,2516.4,164
AbtErTHzOWg,complete,8,295.7,100.0,6.9,49.0,2685.0,2506.5,272
AbwXxodYods,complete,8,462.0,100.0,4.3,29.0,2944.0,2502.9,416
Ac4ZtfIpfAQ,complete,8,188.6,100.0,7.1,46.0,2685.0,2481.2,176
Afb046MinhE,complete,8,221.0,100.0,4.7,43.0,3246.0,2504.7,200
Aj3_rmEBl4Q,complete,8,223.3,100.0,6.5,46.0,2685.0,2462.9,214
Ak-KMOCNgak,complete,8,273.4,100.0,5.0,34.0,3203.0,2548.5,245
Am7yokr4xcY,complete,8,359.5,100.0,9.6,62.0,2944.0,2545.5,324
AnAWwZyfhkg,complete,8,223.9,100.0,5.5,45.0,3203.0,2543.6,206
AnyQvjQEI1M,complete,8,550.0,100.0,4.8,35.0,2944.0,2513.6,465
ApB0mY8LlIY,complete,8,300.4,100.0,7.5,49.0,2914.0,2502.9,276
ArVRTz18swk,complete,8,320.6,100.0,8.9,56.0,2944.0,2529.0,293
ArXTG9McgFs,complete,8,166.8,100.0,7.1,60.0,2836.0,2465.1,159
AvJPExj1v2k,complete,8,378.9,100.0,6.9,46.0,3169.0,2531.7,340
Aw9XSJ712u0,complete,8,220.8,100.0,5.4,28.0,2944.0,2530.2,201
Ax8fNLsuqhM,complete,8,248.7,100.0,5.4,34.0,3203.0,2563.7,222
AxqZUTHV4xU,complete,8,307.3,100.0,4.7,30.0,3203.0,2548.9,275
AywVVVVXpiU,complete,7,281.2,100.0,5.6,41.0,2944.0,2524.7,322
B-BIGDqvr6E,complete,8,204.5,100.0,5.0,35.0,2685.0,2438.6,195
B28L21lXHqk,complete,8,195.1,100.0,7.9,49.0,2944.0,2547.2,179
B4fcY_kDxrY,complete,8,331.4,100.0,5.0,41.0,2944.0,2520.3,284
B5V9OMYdeFg,complete,8,394.4,100.0,6.6,48.0,3053.0,2523.5,367
B7KyzE_2Awc,complete,7,476.0,100.0,2.9,13.0,2944.0,2436.6,394
B9FzVhw8_bY,complete,8,730.7,5.0,0.9,2.0,3462.0,3462.0,14
BBjLkwIBeD4,complete,8,284.2,100.0,7.1,46.0,3053.0,2531.0,257
BGI8eAwsGkQ,complete,8,199.3,100.0,3.7,16.0,2924.0,2494.9,185
BGL9IVmolNg,complete,8,255.0,100.0,4.2,16.0,2944.0,2502.9,240
BHK9FArMp3U,complete,8,249.7,100.0,4.1,22.0,2944.0,2511.6,228
BI5Ez8GfUQk,complete,8,201.7,100.0,6.6,49.0,2794.0,2487.0,188
BI88cbfpcs4,complete,8,129.2,59.0,2.0,8.0,2685.0,2451.6,124
BJpq-MBImXs,complete,8,378.1,100.0,6.9,47.0,3053.0,2481.5,349
BJs8fDke3Do,complete,8,282.9,100.0,8.0,46.0,2685.0,2534.2,261
BK2twIqPLUs,complete,8,237.7,100.0,10.1,67.0,2944.0,2521.9,218
BKorP55Aqvg,complete,8,595.2,100.0,7.5,60.0,3286.0,2564.9,515
BMACKeHjgz8,complete,8,385.1,100.0,5.8,36.0,2944.0,2520.7,348
BMRdkU5BYS8,complete,8,253.3,100.0,5.3,26.0,3053.0,2498.9,235
BMm8,partial,0,0.0,,,,,,
BN_glUIYmqE,complete,8,207.7,100.0,4.2,24.0,3203.0,2485.8,191
BOFByyDRCuM,complete,10,325.3,100.0,6.2,42.0,2944.0,2538.7,303
BQ4byavxN5Q,complete,8,245.5,100.0,9.9,64.0,2944.0,2496.6,227
BQZTNUoT8Jw,complete,8,349.2,100.0,6.2,49.0,3235.0,2496.4,326
BQtMVdsiWVY,complete,8,264.1,100.0,5.1,18.0,2944.0,2511.3,246
BRDOaSBA5Es,complete,8,613.5,100.0,7.2,62.0,3578.0,2564.9,531
BRRDQmpencg,complete,8,236.9,100.0,3.0,16.0,2944.0,2503.2,214
BSzSF44uN2o,complete,8,180.9,100.0,10.7,77.0,3203.0,2550.2,166
BT58h5iD5Dg,complete,8,176.6,61.0,2.2,16.0,2685.0,2471.4,166
BTjA8YQ18x4,complete,8,363.7,100.0,5.9,47.0,2959.0,2485.1,336
BTo4jA0SGTE,complete,10,279.2,100.0,7.0,46.0,3169.0,2520.5,249
BU4Klidh3d0,complete,8,269.5,93.0,3.3,17.0,2944.0,2483.0,246
BX9WFJc-75U,complete,8,299.7,100.0,7.2,47.0,2685.0,2485.1,279
BXJel8Wrf2w,complete,8,210.7,100.0,7.8,49.0,2944.0,2528.7,195
BYXK9zTvkf8,complete,8,247.6,100.0,4.8,29.0,2685.0,2461.1,235
BYkzQ5jEnCA,complete,8,226.8,100.0,7.2,49.0,2685.0,2467.2,215
BZcxG9sSzNA,complete,10,343.5,100.0,7.0,49.0,2944.0,2518.6,487
BbzMA3GiJR0,complete,8,204.0,100.0,4.5,16.0,3203.0,2638.6,170
BdCNtywcR6M,complete,8,188.8,75.0,5.0,23.0,2944.0,2564.9,176
Bec12MmvRVc,complete,8,359.1,100.0,5.6,39.0,2944.0,2514.9,326
BerUvYg7o_A,complete,8,377.3,100.0,7.7,50.0,2944.0,2516.9,342
BguSmQuIwUQ,complete,8,270.0,100.0,7.5,48.0,2685.0,2521.7,249
BiTtT9cpXHs,complete,8,178.5,100.0,3.6,15.0,2914.0,2495.8,166
BjDozn9EQ8k,complete,8,411.9,100.0,8.5,51.0,3203.0,2532.6,370
Bjh_ZlWH4TA,complete,8,173.8,100.0,8.7,55.0,2685.0,2492.7,163
Bn2Z6tnZk1A,complete,8,877.8,100.0,6.7,58.0,4351.0,2355.1,647
BnyAcK8mAAI,complete,8,351.8,100.0,7.3,48.0,2944.0,2533.5,315
BpErDroM9rM,complete,8,182.6,100.0,5.9,38.0,2944.0,2534.3,169
BqwmzSGl7aI,complete,8,306.2,100.0,6.0,42.0,2944.0,2544.9,284
BrJqJ7KYCac,complete,8,390.4,100.0,6.5,46.0,2944.0,2525.9,361
BsZ3VAZXaJk,complete,8,221.0,95.0,7.2,49.0,2794.0,2482.9,204
BtoI9eDzqRc,complete,8,156.3,100.0,10.2,81.0,3216.0,2487.0,146
BuD7x40AU8g,complete,8,354.6,100.0,3.9,15.0,2685.0,2466.2,336
BxyNPTcJ9iE,complete,8,303.3,100.0,4.5,23.0,3525.0,2544.9,278
ByQP5y358hw,complete,8,183.7,80.0,2.5,13.0,2685.0,2479.8,171
ByaCCjgta5U,complete,8,309.4,100.0,8.6,57.0,3312.0,2536.7,287
BzS6LG9DsC4,complete,8,243.9,100.0,5.5,32.0,3203.0,2571.8,221
C-XkW2OAFXc,complete,8,146.2,100.0,7.6,50.0,3246.0,2475.4,138
C0ZO6Ll28Jk,complete,8,442.0,100.0,7.5,49.0,3326.0,2537.2,386
C0jvekQrH8A,complete,7,356.2,100.0,4.5,28.0,2944.0,2468.0,413
C213l8_2QDI,complete,8,260.6,92.0,5.4,48.0,3203.0,2576.2,222
C2Mda1TT4gY,complete,8,152.7,100.0,4.1,30.0,2685.0,2484.2,144
C2Mr8pGUm4M,complete,8,191.5,100.0,5.7,28.0,2944.0,2547.0,175
C2clU0dVIyY,complete,8,173.2,100.0,5.0,18.0,3053.0,2497.9,162
C2fF_BCo8eI,complete,4,444.7,100.0,2.8,12.0,2794.0,2460.0,407
C5uErh0OeWQ,complete,8,268.7,100.0,3.9,16.0,3203.0,2499.6,249
C9BLrhkd1SM,complete,8,330.3,100.0,5.7,48.0,3203.0,2568.3,286
C9dlrotogFk,complete,8,397.6,100.0,4.5,29.0,2794.0,2491.0,366
CAYUWLm6BPE,complete,8,183.3,100.0,5.9,30.0,2944.0,2536.7,169
CDeT8LRUx6Y,complete,8,318.6,100.0,6.6,49.0,2944.0,2527.6,297
CFP7JAc0an0,complete,8,249.4,100.0,5.2,33.0,2944.0,2536.7,231
CFkglDsHK7E,complete,8,384.6,100.0,8.2,62.0,2944.0,2523.8,349
CGO4CeaZehE,complete,8,254.9,100.0,7.4,41.0,3203.0,2569.8,229
CJZRyFNcohE,complete,8,305.0,100.0,7.6,52.0,2944.0,2538.6,277
CNcDtqb8hZQ,complete,8,389.5,100.0,7.7,49.0,2944.0,2519.4,358
CPZ0xq9Yj7g,complete,8,199.5,100.0,8.6,49.0,2685.0,2513.4,185
CPlz3_V7vgA,complete,8,186.3,100.0,6.6,46.0,3879.0,2522.6,174
CQ5ReDiLt0I,complete,8,154.7,100.0,4.7,35.0,2944.0,2482.5,145
CRM13i0dEQo,complete,8,432.8,100.0,7.1,46.0,2944.0,2516.6,390
CRnovMraGng,complete,8,587.0,100.0,7.7,50.0,2944.0,2518.6,533
CTCqE8OeDW4,complete,8,171.7,100.0,8.6,69.0,3247.0,2481.0,163
CTWW23FgzaA,complete,8,298.5,100.0,6.3,36.0,2944.0,2516.4,273
CVXheqjto0I,complete,8,408.6,100.0,3.5,16.0,2685.0,2471.6,351
CWcZoP2kN_0,complete,8,281.8,100.0,7.7,49.0,2794.0,2501.5,260
CXIouUEXJMI,complete,8,104.7,100.0,4.2,24.0,2685.0,2443.0,133
CZdmur2vtYs,complete,7,333.3,100.0,4.1,25.0,3203.0,2470.6,352
C_RWRjq2deM,complete,10,417.1,100.0,5.1,32.0,3203.0,2545.0,503
CamBm-_lnCg,complete,8,306.8,100.0,8.2,54.0,3312.0,2537.2,283
CcFa-ofjvjE,complete,8,403.8,100.0,5.6,46.0,2959.0,2522.0,341
CdR4xR4dIeg,complete,8,271.2,100.0,4.9,16.0,2944.0,2510.0,250
Cdw6MdVWZdQ,complete,8,172.8,100.0,7.0,46.0,3053.0,2547.2,154
CfjsbjGtNOY,complete,10,497.5,100.0,7.4,51.0,2944.0,2525.2,450
Chs20U6biQs,complete,8,247.3,100.0,5.4,29.0,2944.0,2505.0,231
Ci6fClAR0Fo,complete,8,179.2,100.0,4.8,15.0,2916.0,2501.5,166
Ck-JXl4W4BM,complete,6,347.5,100.0,4.2,23.0,2944.0,2505.8,465
ClhRAI1YTNU,complete,8,143.1,100.0,9.1,49.0,3053.0,2497.3,134
Clmbo_Z1CWs,complete,8,149.9,100.0,6.0,47.0,2685.0,2495.0,141
CmaqmqBEIC0,complete,8,316.4,100.0,6.9,46.0,2944.0,2503.9,292
CoSpR_jteIM,complete,8,169.4,100.0,5.8,40.0,2685.0,2483.5,157
CpwPaGgmhtc,complete,8,321.7,100.0,8.4,52.0,3203.0,2527.0,291
Cqjks5fALio,complete,8,877.6,100.0,6.6,55.0,4351.0,2358.3,650
CqoVwvIJrzQ,complete,8,456.8,100.0,4.1,21.0,2944.0,2500.9,417
Ctb06Kk-YD4,complete,8,203.3,100.0,7.4,59.0,2944.0,2449.1,190
Cv0COcPKL5A,complete,8,190.6,100.0,5.3,26.0,3203.0,2510.7,174
CvpyNuoAOeM,complete,8,181.0,80.0,2.9,12.0,2685.0,2488.8,169
Cw-_tY2_b7k,complete,8,190.0,88.0,6.6,47.0,2944.0,2487.0,174
CzIlqHvsRIk,complete,8,245.8,100.0,6.9,45.0,2944.0,2537.3,224
CzpEW5dPmbQ,complete,8,319.7,100.0,9.0,61.0,3232.0,2543.0,292
CztEPocsYLQ,complete,5,477.3,100.0,6.1,48.0,3203.0,2510.5,422
D-eKSmrEaoQ,complete,8,182.8,100.0,4.8,36.0,2910.0,2478.9,173
D0tiRsitbjM,complete,8,161.1,100.0,6.2,34.0,2944.0,2508.5,151
D2DA8bpcwKo,complete,8,306.9,100.0,7.7,49.0,2944.0,2481.4,290
D2hfV9P2Oi4,complete,8,317.8,100.0,7.4,49.0,2944.0,2488.4,297
D2vCs--B3n8,complete,8,203.9,100.0,5.5,30.0,2944.0,2551.3,190
D65rElPR0cs,complete,8,199.0,100.0,6.2,47.0,2958.0,2481.2,184
D843il_3s4M,complete,8,399.4,100.0,5.6,32.0,3203.0,2521.5,364
D8Zm1uCb504,complete,8,319.9,100.0,7.3,54.0,2944.0,2489.3,295
D96aT2H3waI,complete,8,283.5,100.0,5.4,40.0,2685.0,2472.0,266
D9Hx20QY85s,complete,8,353.2,100.0,3.1,14.0,2685.0,2466.4,303
DA58iYc6I2U,complete,8,269.3,87.0,3.3,16.0,2685.0,2461.7,256
DBpgyj_06AU,complete,8,182.6,100.0,7.3,54.0,3399.0,2510.8,172
DDUkBb_flu0,complete,8,210.1,100.0,8.9,49.0,2685.0,2508.8,196
DDVk0gpCbHE,complete,8,448.6,100.0,6.7,46.0,2944.0,2513.8,404
DEuTXQj5WuE,complete,8,186.8,100.0,5.7,48.0,2944.0,2488.0,174
DF8jM6pjuQ8,complete,8,388.4,100.0,7.2,46.0,2748.0,2530.2,355
DFVGwpBmWuw,complete,8,220.5,100.0,6.7,49.0,3203.0,2521.7,204
DFzLDjBXVf0,complete,8,407.7,100.0,5.4,41.0,3203.0,2541.9,489
DHeIpUNMo0k,complete,7,140.9,100.0,3.4,20.0,2685.0,2442.4,159
DLPmi48O51s,complete,8,377.7,100.0,5.0,28.0,2944.0,2499.8,347
DLmRQn3kfRQ,complete,8,503.0,100.0,8.4,54.0,2944.0,2518.5,455
DNdkWbayZ4Y,complete,8,282.8,100.0,6.9,46.0,3053.0,2525.6,258
DNrzYFMnKmg,complete,6,151.4,100.0,3.6,13.0,2760.0,2506.3,207
DPuli_MA_og,complete,8,295.8,100.0,6.4,46.0,2944.0,2520.6,273
DQGK5qdR09s,complete,8,216.4,100.0,4.8,16.0,3203.0,2556.9,196
DQRFJtO0sDM,complete,8,237.1,100.0,4.6,17.0,3053.0,2505.0,222
DUGVWNZigbE,complete,7,246.9,100.0,4.4,25.0,2685.0,2486.5,308
DUhBBrN8XxU,complete,8,874.0,100.0,7.0,58.0,4351.0,2359.8,645
DUv3pbyKRIE,complete,8,219.7,100.0,5.1,28.0,2944.0,2512.4,205
DWM8sMXoOb4,complete,7,489.6,100.0,6.0,48.0,2959.0,2499.1,421
DZZ5s2GW3-4,complete,8,300.9,100.0,7.8,49.0,2944.0,2525.1,278
DZoOsb7aBi4,complete,7,1363.9,5.0,1.1,5.0,3462.0,3462.0,11
DZqPjmSf1Y8,complete,8,595.0,100.0,7.2,56.0,3286.0,2565.4,517
Dbh2OYrjgww,complete,8,280.6,100.0,6.9,46.0,3053.0,2526.8,256
DcNiWpGJbG8,complete,8,380.0,100.0,7.7,49.0,2944.0,2532.9,346
DdUHw8lsOyQ,complete,8,166.6,100.0,10.9,75.0,3312.0,2544.0,156
DfRB8Pu7srs,complete,8,366.4,100.0,7.4,49.0,2910.0,2480.6,336
DgjTfRylEiw,complete,8,254.3,100.0,4.3,30.0,2685.0,2479.9,238
DlIBNFkmuNA,complete,8,342.1,100.0,8.3,49.0,2944.0,2530.2,311
DmbooDM_0_I,complete,8,277.8,100.0,3.2,11.0,2910.0,2489.5,248
DmetH_GUFAo,complete,8,251.5,100.0,4.1,22.0,2944.0,2475.0,229
Dph-liX7Uxs,complete,8,265.0,100.0,4.4,29.0,2685.0,2458.8,251
DpzFS4Q9UcI,complete,8,452.8,100.0,8.1,60.0,3616.0,2639.7,385
DqYC1raPNgM,complete,8,295.9,100.0,6.6,45.0,3203.0,2533.7,271
DtRUbppLWZs,complete,8,877.1,100.0,6.5,49.0,4351.0,2362.1,648
Du-0hHKk_kw,complete,8,290.6,100.0,4.2,20.0,3519.0,2513.3,268
DvB9as76vug,complete,8,876.9,100.0,6.8,56.0,4351.0,2361.4,650
Dw5Ai4OYrzY,complete,8,201.6,93.0,3.9,16.0,3004.0,2519.8,186
DwVQJmPgU2w,complete,8,143.7,86.0,2.0,8.0,2685.0,2454.9,138
U4BFOh0LBE,partial,0,0.0,,,,,,
Uo,partial,0,0.0,,,,,,
XRWsL2OFU,partial,0,0.0,,,,,,
dsIExCFgs,partial,0,0.0,,,,,,
st7Hr1y8,partial,0,0.0,,,,,,
tk,partial,0,0.0,,,,,,
videos5,partial,0,0.0,,,,,,
wFAgqUac,partial,0,0.0,,,,,,
xq1Sad01vM,partial,0,0.0,,,,,,
